ID,Question,Correct Answer
q2_sp22_problem10__04,"4) Complete the square to write the equation in the standard form  \(\displaystyle f(x)=a(x-h)^2+k\). \[f(x)=4{x}^{2}-48x+140\]
a) \(\displaystyle f(x)=4 \left( x-6 \right) ^{2}+32\)<br/> 
b) \(\displaystyle f(x)=4 \left( x-6 \right) ^{2}-4\)<br/> 
c) \(\displaystyle f(x)=4 \left( x+12 \right) ^{2}-4\)<br/> 
d) \(\displaystyle f(x)=4 \left( x+6 \right) ^{2}+32\)<br/> 
e) \(\displaystyle f(x)=4 \left( x-6 \right) ^{2}+4\)<br/> 
f) None of the above.<br/>",b
q27_sp23_problem04__04,"4) A rectangular playground is to be fenced off and divided into two parts by a fence parallel to one side of the playground. 1320 feet of fencing is used. Find the dimensions of the playground that will enclose the greatest total area.<br/>
a) 350 by 230 feet with the divider 230 feet long<br/> 
b) 330 by 220 feet with the divider 220 feet long<br/> 
c) 330 by 330 feet with the divider 330 feet long<br/> 
d) 340 by 230 feet with the divider 340 feet long<br/> 
e) 325 by 225 feet with the divider 326 feet long<br/> 
f) None of the above.<br/> ",b
q23_sp23_problem09__02,"2) Differentiate \(\displaystyle f(x)=\tan \left( {5}^{6\,{x}^{2}} \right) \).<br/>
a) \(f'(x) = 5^{6x^2}\ln(5)\left(12x\right)\sec\left(5^{6x^2}\right)\tan\left(5^{6x^2}\right)\)<br/> 
b) \(f'(x) = 5^{6x^2}\ln(5)\left(12x\right)\sec^2\left(5^{6x^2}\right)\)<br/> 
c) \(f'(x) = 5^{6x^2}\ln(5)\left(12x\right)\tan\left(5^{6x^2}\right)\)<br/> 
d) \(f'(x) = 5^{6x^2}\left(12x\right)\sec^2\left(5^{6x^2}\right)\)<br/> 
e) \(f'(x) = 5^{6x^2}\left(12x\right)\tan\left(5^{6x^2}\right)\)<br/> ",b
q31_sp23_problem03__09,"9) Given that  \(x &gt; 0\) and \( \text{capital } F(x)=\displaystyle \int\limits^x_0\sqrt {t} \left( t+1 \right) ^{2}\,dt\) , find \( \text{capital } F'(1)\).<br/>
a) \(1\)<br/> 
b) \(6\)<br/> 
c) \(2\)<br/> 
d) \(4\)<br/> 
e) \(0\)<br/> ",d
q10_sp22_problem07__21,"21) Find the slope of the line that is tangent to the graph of  \(f(x)={x}^{8}+3\,{x}^{3}-{x}^{2}+6\)  at  \(x = -1\).<br/>
a) \(7\)<br/> 
b) \(4\)<br/> 
c) \(3\)<br/> 
d) \(2\)<br/> 
e) \(1\)<br/> ",c
q19_fa22_problem03__21,"21) Find the intervals on which \(f(x)=\displaystyle \frac{6\,x}{{x}^{2}+4}\) decreases.<br/>
a) \(\left(-\infty,\infty\right)\)<br/> 
b) \(\left(2,\infty\right)\)<br/> 
c) \(\left(-\infty,-2\right)\), \(\left(2,\infty\right)\)<br/> 
d) \(\left(-2,2\right)\)<br/> 
e) \(\left(-\infty,-2\right)\), \(\left(0,2\right)\)<br/> ",c
q28_sp23_problem03__04,"4) Use differentials to estimate the value of  \(\left(80.5\right)^{1/4}\).<br/>
a) \(\displaystyle \frac{755}{216}\)<br/> 
b) \(\displaystyle \frac{539}{216}\)<br/> 
c) \(\displaystyle \frac{5}{2}\)<br/> 
d) \(\displaystyle \frac{649}{216}\)<br/> 
e) \(\displaystyle \frac{647}{216}\)<br/> 
f) \(\displaystyle \frac{7}{2}\)<br/> ",e
q25_sp23_problem08__02,"2) Differentiate the following:  \(f(x)=\displaystyle \ln  \left( \arctan \left( 5\,x+6 \right)  \right) \).<br/>
a) \(\displaystyle f'(x)=\frac{1}{ \left( 25\,{x}^{2}+60\,x+37 \right) \arctan \left( 5\,x+6 \right) }\)<br/> 
b) \(\displaystyle f'(x)=\frac{5}{ \left( 25\,{x}^{2}+60\,x+37 \right) \arctan \left( 5\,x+6 \right) }\)<br/> 
c) \(\displaystyle f'(x)=\frac{5}{ \left( 25\,{x}^{2}+60\,x+37 \right) \arctan \left( x \right) }\)<br/> 
d) \(\displaystyle f'(x)=\frac{-1}{ \left( 5\,{x}^{2}+12\,x+7 \right) \arctan \left( 5\,x+6 \right) }\)<br/> 
e) \(\displaystyle f'(x)=\frac{-5}{ \left( 25\,{x}^{2}+60\,x+37 \right) \arctan \left( 5\,x+6 \right) }\)<br/> ",b
q2_sp22_problem06__04,"4) Find the <i>x</i>- and <i>y</i>-intercepts of the following function:  \(f(x)=\displaystyle {x}^{2}-6x+8\)<br/>
a) <i>x</i>-intercept: \(\left(8,0\right)\);  <i>y</i>-intercept: \(\left(0,-8\right)\)<br/> 
b) <i>x</i>-intercepts: \(\left(4,0\right)\) and \(\left(2,0\right)\);  <i>y</i>-intercept: \(\left(0,8\right)\)<br/> 
c) <i>x</i>-intercepts: \(\left(4,0\right)\) and \(\left(-2,0\right)\);  <i>y</i>-intercept: \(\left(0,8\right)\)<br/> 
d) There are no <i>x</i>-intercept or <i>y</i>-intercepts.<br/> 
e) <i>x</i>-intercepts: \(\left(-4,0\right)\) and \(\left(2,0\right)\);  <i>y</i>-intercept: \(\left(0,8\right)\)<br/> 
f) None of the above.<br/>",b
q5_sp22_problem07__01,"1) Evaluate \(\displaystyle \lim _{x\rightarrow 0}f \left( x \right) \), given that \(\displaystyle f \left( x \right) \) is a piecewise function defined in two parts below:<br/><br/> \( f(x)=x^2\),  when  \(x &lt; 0\)<br/>\( f(x) = x-7\),  when  \(x &gt; 0\)<br/>
a) \(0\)<br/> 
b) \(49\)<br/> 
c) Does not exist<br/> 
d) \(-7\)<br/> 
e) \(7\)<br/> ",c
q11_sp22_problem07__21,"21) Find the derivative of the function \(G(x) = \displaystyle\frac{3\,{x}^{4}-2}{{x}^{3}-3}\).<br/>
a) \(\displaystyle G'(x)=\frac{-3\,{x}^{6}+36\,{x}^{3}-6\,{x}^{2}}{ \left( {x}^{3}-3 \right) ^{2}}\)<br/> 
b) \(\displaystyle G'(x)\) does not exist.<br/> 
c) \(\displaystyle G'(x)=\frac{4\,x}{1}\)<br/> 
d) \(\displaystyle G'(x)=\frac{3\,{x}^{6}-36\,{x}^{3}+6\,{x}^{2}}{ \left( {x}^{3}-3 \right) ^{2}}\)<br/> 
e) \(\displaystyle G'(x)=\frac{-3\,{x}^{6}+36\,{x}^{3}-6\,{x}^{2}+x}{ \left( {x}^{3}-3 \right) ^{2}}\)<br/> ",d
q22_sp23_problem09__11,"11) Suppose that  \(f\)  has an inverse, \(f^{\prime}(-8)=-6\) ,  \(f^{\prime}(-4)=-3\) ,  \(f^{\prime}(-2)=7\) ,  \(f(-8)=-4\) , and  \(f(-4)=-2\) . What is \(\left(f^{-1}\right)^{\prime}(-4)\)?<br/>
a) \(\displaystyle -\frac{1}{3}\)<br/> 
b) \(\displaystyle -\frac{1}{2}\)<br/> 
c) \(-6\)<br/> 
d) \(\displaystyle \frac{1}{7}\)<br/> 
e) \(2\)<br/> 
f) \(-8\)<br/> 
g) \(\displaystyle -\frac{1}{6}\)<br/> ",g
q30_sp23_problem03__09,"9) Use the upper sum to approximate the area under the curve for the function  \(f(x)=\sin \left( x \right)  \) over the interval \(x \in [0,\pi ]\) with respect to the partition \(P=\left[0,\displaystyle \frac{\pi}{3},\displaystyle \frac{5\pi}{6},\displaystyle \pi\right]\).<br/>
a) \(\displaystyle \frac{7}{12}\pi+\displaystyle \frac{\sqrt{3}}{6}\pi\)<br/> 
b) \(\displaystyle \frac{17}{36}\pi+\displaystyle \frac{\sqrt{3}}{9}\pi\)<br/> 
c) \(\displaystyle \frac{13}{36}\pi+\displaystyle \frac{\sqrt{3}}{18}\pi\)<br/> 
d) \(\displaystyle \frac{5}{12}\pi+\displaystyle \frac{\sqrt{3}}{12}\pi\)<br/> 
e) \(\displaystyle \frac{1}{4}\pi\)<br/> ",a
q3_sp22_problem10__04,"4) Identify the slant (oblique) asymptote for the graph of  \(\displaystyle f(x)=\frac{-5{x}^{4}+6{x}^{2}+2}{{x}^{3}}\).<br/>
a) \(\displaystyle y=-5\,x+6\)<br/> 
b) \(\displaystyle y=-5\,x\)<br/> 
c) \(\displaystyle y=-5\)<br/> 
d) \(\displaystyle y=2\)<br/> 
e) \(\displaystyle y=0\)<br/> 
f) None of the above.<br/>",b
q26_sp23_problem04__04,"4) Differentiate the following function:  \(f(x)= \tanh \left(3^{2x}\right)\)<br/>
a) \(f'(x)=-2\cdot 3^{2x} \cdot \text{sech} \left(3^{2x}\right) \tanh \left(3^{2x}\right)\)<br/> 
b) \(f'(x)=2\ln(3)\cdot 3^{2x} \cdot \text{sech} \left(3^{2x}\right) \tanh \left(3^{2x}\right)\)<br/> 
c) \(f'(x)=-2\ln(3)\cdot 3^{2x} \cdot \text{sech}^2 \left(3^{2x}\right)\)<br/> 
d) \(f'(x)=\ln(3) \cdot 3^{2x} \cdot \text{sech}^2 \left(3^{2x}\right)\)<br/> 
e) \(f'(x)=2\cdot 3^{2x} \cdot \text{sech}^2 \left(3^{2x}\right)\)<br/> 
f) \(f'(x)=2\ln(3)\cdot 3^{2x} \cdot \text{sech}^2 \left(3^{2x}\right)\)<br/> ",f
q20_fa22_problem06__06,"6) Find the critical points of \(f(x)=2\,{x}^{2}+3\,x+4\) and classify all local and absolute extreme values on the interval \(\left[-2,0 \right]\).<br/>
a) <b>Critical Point:</b> \(\displaystyle -\frac{3}{4}\);   <b>Local and Absolute Minimum</b> \(f\left(\displaystyle -\frac{3}{4}\right) = \displaystyle \frac{23}{8}\);   <b>Absolute Maximum:</b> \(f(-2) = 6\).<br/> 
b) No critical numbers, no extreme values.<br/> 
c) <b>Critical Points:</b> 0, \(\displaystyle -\frac{3}{4}\);   <b>Local and Absolute Minimum:</b> \(f\left(\displaystyle -\frac{3}{4}\right) = \displaystyle \frac{23}{8}\);   <b>Absolute Maximum:</b> \(f(0) = 4\).<br/> 
d) <b>Critical Point:</b> \(\displaystyle -\frac{3}{4}\);   <b>Local Maximum:</b> \(f\left(\displaystyle -\frac{3}{4}\right) = \displaystyle \frac{23}{8}\);   <b>No Absolute Extrema</b>.<br/> 
e) <b>Critical Point:</b> \(0\);   <b>Local Minimum:</b> \(f(0) = 4\).<br/> ",a
q3_sp22_problem06__02,"2) Identify the location of any holes (i.e. removable discontinuities) in the graph of  \(\displaystyle f(x)=\frac{-{x}^{2}-7x+18}{{x}^{2}+4x-45}\).<br/>
a) \(\left(-9,\displaystyle -\frac{11}{14}\right)\)  and  \(\left(2,0\right)\)<br/> 
b) \(\left(-9,\displaystyle -\frac{11}{14}\right)\)<br/> 
c) \(\left(9,\displaystyle -\frac{7}{4}\right)\)<br/> 
d) \(\left(2,0\right)\)<br/> 
e) \(\left(-2,\displaystyle -\frac{4}{7}\right)\)<br/> 
f) None of the above.<br/>",b
q26_sp23_problem12__04,"4) Use logarithmic differentiation to differentiate the following:  \(f(x)=\displaystyle  \left( \sinh \left( 2\,x \right)  \right) ^{x}\)<br/>
a) \(f'(x)=\displaystyle  \left( \sinh \left( 2\,x \right)  \right) ^{x}\left[\ln(\sinh(2x))+2\,\text{csch}(2x)\right]\)<br/> 
b) \(f'(x)=\displaystyle  \left( \sinh \left( 2\,x \right)  \right) ^{x}\left[\ln(\sinh(2x))+2x \,\text{coth}(2x)\right]\)<br/> 
c) \(f'(x)=\displaystyle  \left( \cosh \left( 2\,x \right)  \right) ^{x}\left[\ln(\sinh(2x))+2\,\text{csch}(2x)\right]\)<br/> 
d) \(f'(x)=\displaystyle  \left( \cosh \left( 2\,x \right)  \right) ^{x}\left[\ln(\cosh(2x))+2x \tanh(2x)\right]\)<br/> 
e) \(f'(x)=\displaystyle  \left( \sinh \left( 2\,x \right)  \right) ^{x}\left[\ln(\sinh(2x))+2\, \text{coth}(2x)\right]\)<br/> ",b
q24_sp23_problem08__02,"2) Find the derivative of \(\displaystyle f(x)=10\log_{7}{(x)}\).<br/>
a) \(f'(x) = \displaystyle \frac{\ln  \left( 10 \right) }{x\ln  \left( 7 \right) }\)<br/> 
b) \(f'(x) = \displaystyle \frac{10}{x\ln  \left( 7 \right) }\)<br/> 
c) \(f'(x) = \displaystyle \frac{10\,\ln  \left( 7 \right) }{x}\)<br/> 
d) \(f'(x) = \displaystyle \frac{10}{7\,x}\)<br/> 
e) \(f'(x) = \displaystyle \frac{10}{x}\)<br/> ",b
q5_sp22_problem11__08,"8) Evaluate the limit:  \(\displaystyle \lim_{x\rightarrow-9}\frac{ \left| x \right| }{x}\).<br/>
a) Does not exist<br/> 
b) \(-9\)<br/> 
c) \(-1\)<br/> 
d) \(0\)<br/> 
e) \(1\)<br/> ",c
q29_sp23_problem03__04,"4) Calculate the limit:  \(\displaystyle \lim_{x\rightarrow 0^+}\frac{\sin(x)}{4\sqrt{x}}\).<br/>
a) \(1\)<br/> 
b) \(0\)<br/> 
c) \(4\)<br/> 
d) \(-1\)<br/> 
e) \(-4\)<br/> ",b
q18_fa22_problem03__06,"6) Determine if Rolle's Theorem applies to the function \(\displaystyle f \left( x \right) =-8\,\cos \left( x \right) \) on the interval \(\left[\displaystyle \frac{3\pi}{2}, \displaystyle \frac{5\pi}{2}\right]\). If so, find all numbers <i>c</i> on the interval that satisfy the theorem.<br/>
a) \(c=\displaystyle \frac{5\pi}{2}\)<br/> 
b) \(c=\pi\)<br/> 
c) \(c=\displaystyle \frac{3\pi}{2}\)<br/> 
d) \(c=2\pi\)<br/> 
e) Rolle's Theorem does not apply to this function on the given interval.<br/> ",d
q27_sp23_problem08__08,"8) An open-top cylinder is made from 33 square inches of material. Find the length of the radius that maximizes the volume of the cylinder. All answers are given in inches.<br/>
a) \(\displaystyle \sqrt{\displaystyle \frac{33}{8\,\pi }}\)<br/> 
b) \(\displaystyle \sqrt{\displaystyle \frac{11}{\pi }}\)<br/> 
c) \(\displaystyle \sqrt{\displaystyle \frac{11}{2\,\pi }}\)<br/> 
d) \(\displaystyle \sqrt{\displaystyle \frac{33}{4\,\pi }}\)<br/> 
e) \(\displaystyle \left(\displaystyle \frac{33}{2\,\pi }\right)^{\frac{1}{3}}\)<br/> 
f) \(\displaystyle \left(\displaystyle \frac{33}{\pi }\right)^{\frac{1}{3}}\)<br/> ",b
q23_sp23_problem05__08,"8) Differentiate \(\displaystyle f(x)=e^{2\sin \left(7x \right)}\).<br/>
a) \(\displaystyle f'(x)=e^{2\sin \left(7x \right)}\)<br/> 
b) \(\displaystyle f'(x)=7e^{2\cos \left(7x \right)}\)<br/> 
c) \(\displaystyle f'(x)=2\sin \left(7x \right) \cdot e^{\left(2\sin \left(7x \right)-1\right)}\)<br/> 
d) \(\displaystyle f'(x)=2\cos \left(7x \right) \cdot e^{2\sin \left(7x \right)}\)<br/> 
e) \(\displaystyle f'(x)=14\cos \left(7x \right) \cdot e^{2\sin \left(7x \right)}\)<br/> 
f) \(\displaystyle f'(x)=7\cos \left(7x \right) \cdot e^{2\sin \left(7x \right)}\)<br/> ",e
q12_sp22_problem11__02,"2) Find \(\displaystyle \frac{d}{dx}\left(\sqrt{5x^4+1}\right)\).<br/>
a) \(\displaystyle \frac{20x^{3}}{\sqrt{5x^4+1}}\)<br/> 
b) \(\displaystyle \frac{10x^{3}}{\sqrt{5x^4+1}}\)<br/> 
c) \(\displaystyle \frac{1}{2\sqrt{20x^{3}}}\)<br/> 
d) \(\displaystyle \frac{1}{2\sqrt{5x^4+1}}\)<br/> 
e) None of the above.<br/> ",b
q6_sp22_problem11__21,"21) Evaluate the following limit, if it exists:  \(\displaystyle  \lim_{x\rightarrow \infty} \frac{\sqrt{25x^2+8}}{6-3x}\)<br/>
a) \(\displaystyle \frac{5}{6}\)<br/> 
b) \(\displaystyle -\frac{\sqrt{2}}{3}\)<br/> 
c) \(\displaystyle -\frac{5}{3}\)<br/> 
d) \(\displaystyle \frac{5}{3}\)<br/> 
e) \(\displaystyle \frac{\sqrt{2}}{3}\)<br/> 
f) \(\displaystyle -\frac{5}{6}\)<br/> 
g) Does not exist<br/>",c
q33_sp23_problem03__11,"11) Evaluate the definite integral:  \(\displaystyle \int^{0}_{-2}\, \left( x+3 \right)  \left( x-9 \right) \,dx\)<br/>
a) \(\displaystyle \frac{26}{3}\)<br/> 
b) \(\displaystyle -\frac{118}{3}\)<br/> 
c) \(\displaystyle -\frac{190}{3}\)<br/> 
d) \(\displaystyle \frac{386}{3}\)<br/> 
e) \(-16\)<br/> ",b
q12_sp22_problem07__02,"2) Find \(\displaystyle \frac{d}{dx}\left(\csc(x)\right)\).<br/>
a) \(\displaystyle -\csc^2(x)\)<br/> 
b) \(\displaystyle -\csc(x)\cot(x)\)<br/> 
c) \(\displaystyle \csc(x)\cot(x)\)<br/> 
d) \(\displaystyle \csc^2(x)\)<br/> 
e) None of the above.<br/> ",b
q6_sp22_problem07__04,"4) Evaluate the following limit, if it exists:  \(\displaystyle  \lim_{h\rightarrow 0} \; \frac{1-\displaystyle \frac{25}{h^2}}{1-\displaystyle \frac{5}{h}}\)<br/>
a) \(0\)<br/> 
b) Does not exist<br/> 
c) \(5\)<br/> 
d) \(6\)<br/> 
e) \(\displaystyle \frac{1}{5}\)<br/> ",b
q17_su22_problem01__06,"6) An object moves along the <i>x</i>-axis and its position at time <i>t</i> is given by \(x(t) = 3\,{t}^{2}-13\,t-30\). Determine the time interval(s), if any, during which the object moves left.<br/>
a) \(\left(-\infty,\displaystyle -\frac{5}{3}\right)\cup\left(6, \infty\right)\)<br/> 
b) \(\left(-\infty,\displaystyle \frac{13}{6}\right)\)<br/> 
c) \(\left(\displaystyle -\frac{5}{3},6\right)\)<br/> 
d) \(\left(-\infty,0 \right)\)<br/> 
e) \(\left(\displaystyle \frac{13}{6}, \infty \right)\)<br/> 
f) \(\left(0, \infty \right)\)<br/> ",b
q25_sp23_problem04__02,"2) Differentiate the following:  \(f(x)=\tan^{-1} ( x + 2 )\)<br/>
a) \(\displaystyle f'(x)=\displaystyle \frac{1}{2\,{x}^{2}+4\,x+3}\)<br/> 
b) \(\displaystyle f'(x)=\displaystyle \frac{1}{{x}^{2}+4\,x+5}\)<br/> 
c) \(\displaystyle f'(x)=\displaystyle \frac{1}{{x}^{2}+2\,x+5}\)<br/> 
d) \(\displaystyle f'(x)=\displaystyle \frac{1}{2\,{x}^{2}+4\,x+4}\)<br/> 
e) \(\displaystyle f'(x)=\displaystyle \frac{1}{{x}^{2}-4\,x+5}\)<br/> ",b
q22_sp23_problem05__06,"6) Determine whether or not the given function is one-to-one and, if so, find the inverse.  If \(\displaystyle\;f(x)=3x^{\tfrac{1}{7}}\;\) has an inverse, give the domain of \(\;f\,^{-1}\).<br/>
a) \(f\,^{-1}(x) =\displaystyle\left(\frac{x}{3}\right)^{7}\text{; domain: }\left(-\infty,\infty\right)\)<br/> 
b) \(f\,^{-1}(x) =\displaystyle\left(\frac{x}{3}\right)^{1/7}\text{; domain: }\left(0,\infty\right)\)<br/> 
c) Not one-to-one.<br/> 
d) \(f\,^{-1}(x) =\displaystyle\left(\frac{x}{3}\right)^{7}\text{; domain: }\left(0,\infty\right)\)<br/> 
e) \(f\,^{-1}(x) =\displaystyle\frac{x^{7}}{3}\text{; domain: }\left(-\infty,\infty\right)\)<br/> ",a
q15_sp22_problem06__01,"1) The area of a sector in a circle is given by the formula  \(A=\displaystyle\frac{1}{2}r^2\theta\), where  \(r\)  is the radius and \(\theta\) is the central angle measured in radians.  Find the rate of change of \( \theta \) with respect to \(\displaystyle r\) if \(\displaystyle A\) remains constant.  What is the rate when \(r=6\)?<br/>
a) Not possible.<br/> 
b) \(\displaystyle\frac{d\theta}{dr}=2Ar^2 \);  \( \text{rate}=72A\)<br/> 
c) \(\displaystyle\frac{d\theta}{dr}=-\frac{4A}{r^3}\);  \( \text{rate}=\displaystyle -\frac{1}{54}A\)<br/> 
d) \(\displaystyle\frac{d\theta}{dr}=-\frac{3A}{r^3} \);  \( \text{rate}=\displaystyle -\frac{1}{72}A\)<br/> 
e) \(\displaystyle\frac{d\theta}{dr}=-\frac{2A}{r^3}\);  \( \text{rate}=\displaystyle -\frac{1}{108}A\)<br/> ",c
q24_sp23_problem12__02,"2) Differentiate the given function: \(\;\displaystyle f(x)=\frac{\log_{9}{x}}{x^2}\).<br/>
a) \(\;\displaystyle f^{\prime}(x)= \frac{1}{x^2\,(\ln(9))^2}-\frac{2\ln(x)}{x^2\,\ln(9)}\)<br/> 
b) \(\;\displaystyle f^{\prime}(x)= \frac{1}{x^3\,\ln(9)}-\frac{2\ln(x)}{x^3\,\ln(9)}\)<br/> 
c) \(\;\displaystyle f^{\prime}(x)= \frac{1}{x^4\,\ln(9)}-\frac{2\ln(x)}{x^4\,\ln(9)}\)<br/> 
d) \(\;\displaystyle f^{\prime}(x)= \frac{1}{x^2\,\ln(9)}-\frac{2\ln(x)}{x^2\,\ln(9)}\)<br/> 
e) \(\;\displaystyle f^{\prime}(x)= \frac{1}{x^3\,(\ln(9))^2}-\frac{2\ln(x)}{x^3\,\ln(9)}\)<br/> ",b
q1_sp22_problem06__08,"8) Find the range of the following function:  \(\displaystyle f(x)=\sqrt {2\,x+3}+3\)<br/>
a) \(\left( -\infty, \infty \right) \)<br/> 
b) \(\left[3, \infty \right) \)<br/> 
c) \(\left( -\infty,\displaystyle -\frac{3}{2}\right] \)<br/> 
d) \(\left( -\infty,3\right] \)<br/> 
e) \(\left(3, \infty \right) \)<br/> 
f) \(\left( -\infty,3\right) \)<br/> 
g) \(\left[\displaystyle -\frac{3}{2}, \infty \right) \)<br/> 
h) None of the above.<br/>",b
q34_sp23_problem02__06,"6) Evaluate:  \(\displaystyle \int3x^2 \left(2+x^3 \right)^{1/4}\,dx\)<br/>
a) \(\displaystyle \displaystyle \frac{4\, \left( {x}^{3}+2 \right) ^{9/4}}{3}+C\)<br/> 
b) \(\displaystyle \displaystyle \frac{12\, \left( {x}^{3}+2 \right) ^{7/4}}{7}+C\)<br/> 
c) \(\displaystyle \displaystyle \frac{4\, \left( {x}^{3}+2 \right) ^{7/4}}{7}+C\)<br/> 
d) \(\displaystyle \displaystyle \frac{4\, \left( {x}^{3}+2 \right) ^{5/4}}{5}+C\)<br/> 
e) \(\displaystyle \displaystyle \frac{12\, \left( {x}^{3}+2 \right) ^{5/4}}{5}+C\)<br/> ",d
q26_sp23_problem08__04,"4) Differentiate the following:  \(\displaystyle f(x)=2\,\sinh \left( 10\,x \right) \cosh \left( 10\,x \right) \)<br/>
a) \(\displaystyle f'(x)=2\)<br/> 
b) \(\displaystyle f'(x)=20\cosh^{2}(10x)+20\sinh^2(10x)\)<br/> 
c) \(\displaystyle f'(x)=20\cosh^{2}(10x)+2\sinh^2(10x)\)<br/> 
d) \(\displaystyle f'(x)=2\cosh^{2}(10x)+2\sinh^2(10x)\)<br/> 
e) \(\displaystyle f'(x)=20\)<br/> ",b
q24_sp23_problem04__02,"2) Determine the domain and differentiate \(f(x)=\ln{\sqrt{4+5x^2}}\).<br/>
a) Domain of \(\displaystyle f\):  \(\left(0,\infty\right)\);    \(\displaystyle f^{\prime}(x) = \displaystyle \frac{5\,x}{5\,{x}^{2}+4}\)<br/> 
b) Domain of \(\displaystyle f\):  \(\left(-\infty,\infty\right)\);    \(\displaystyle f^{\prime}(x) = \displaystyle \frac{5\,x}{5\,{x}^{2}+4}\)<br/> 
c) Domain of \(\displaystyle f\):  \(\left(0,\infty\right)\);    \(\displaystyle f^{\prime}(x) = \displaystyle \frac{1}{5\,{x}^{2}+4}\)<br/> 
d) Domain of \(\displaystyle f\):  \(\left(-\infty,\infty\right)\);    \(\displaystyle f^{\prime}(x) = \displaystyle \frac{1}{10\,{x}^{2}+8}\)<br/> 
e) Domain of \(\displaystyle f\):  \(\left(-\infty,\infty\right)\);    \(\displaystyle f^{\prime}(x) = \displaystyle \frac{1}{5\,{x}^{2}+4}\)<br/> ",b
q15_sp22_problem10__02,"2) A 10-foot ladder is leaning against a vertical wall.  If the bottom of the ladder is being pulled away from the wall at the rate of 9 feet per second, at what rate is height of the ladder changing, in feet per second, at the instant the bottom of the ladder is 6 feet from the wall?<br/>
a) \(\displaystyle \frac{27}{4}\)<br/> 
b) \(\displaystyle -\frac{27}{4}\)<br/> 
c) \(\displaystyle -\frac{27}{8}\)<br/> 
d) \(\displaystyle -\frac{27}{2}\)<br/> 
e) \(\displaystyle \frac{27}{2}\)<br/> ",b
q8_sp22_problem16__01,"1) Is it possible to have a function \(f\) defined on [ 2 , 5 ] that meets the given conditions? <br/> \(f\) is continuous on  ( 2 ,5 ) and the range of \(f\) is a bounded interval.<br/>
a) No<br/> 
b) Yes<br/> ",b
q1_sp22_problem10__04,"4) If  <i>f</i> and <i>g</i> are inverse functions,   \(\displaystyle f \left( 7 \right) =6\),  and  \(\displaystyle f \left( 4 \right) =7\), find \(\displaystyle g \left( 7 \right) \).<br/>
a) \(-6\)<br/> 
b) \(\displaystyle \frac{1}{4}\)<br/> 
c) \(\displaystyle \frac{1}{6}\)<br/> 
d) \(4\)<br/> 
e) \(-7\)<br/> 
f) Not enough information.<br/> 
g) \(6\)<br/> 
h) None of the above.<br/>",d
q16_su22_problem01__04,"4) A man standing 11 feet from the base of a lamppost casts a shadow 3 feet long. If the man is 6 feet tall and walks away from the lamppost at a speed of 50 feet per minute, at what rate, in feet per minute, will the length of his shadow be changing?<br/>
a) \(\displaystyle -\frac{300}{11}\) <br/> 
b) \(\displaystyle \frac{150}{11}\) <br/> 
c) \(\displaystyle -\frac{150}{11}\) <br/> 
d) \(\displaystyle \frac{75}{11}\) <br/> 
e) \(\displaystyle \frac{300}{11}\) <br/> ",b
q13_sp22_problem07__04,"4) Determine the value(s) of <i>x</i> where the tangent line is horizontal to the curve of  \(f(x)= \left( -{x}^{2}+9 \right) ^{2}\)<br/>
a) \(x=\displaystyle \frac{1}{3}\text{ and }x=\displaystyle -\frac{1}{3}\)<br/> 
b) \(x=0\)<br/> 
c) \(x=0,\;x=\displaystyle \frac{1}{3}\text{ and }x=\displaystyle -\frac{1}{3}\)<br/> 
d) \(x=0,\;x=3\text{ and }x=-3\)<br/> 
e) \(x=3\text{ and }x=-3\)<br/> ",d
q32_sp23_problem03__04,"4) Find  \(\displaystyle \int\displaystyle \frac{8}{{x}^{6}} dx\).<br/>
a) \(\displaystyle \displaystyle -\frac{48}{{x}^{7}}+C\)<br/> 
b) \(\displaystyle \displaystyle \frac{56}{{x}^{7}}+C\)<br/> 
c) \(\displaystyle \displaystyle -\frac{5}{8\,{x}^{5}}+C\)<br/> 
d) \(\displaystyle \displaystyle -\frac{8}{7\,{x}^{7}}+C\)<br/> 
e) \(\displaystyle \displaystyle -\frac{1}{40\,{x}^{5}}+C\)<br/> 
f) \(\displaystyle \displaystyle -\frac{8}{5\,{x}^{5}}+C\)<br/> ",f
q32_sp23_problem02__04,"4) Find  \(\displaystyle \int3\cdot{5}^{x}dx\).<br/>
a) \(\displaystyle 3\cdot5^x \ln(5)+C\)<br/> 
b) \(\displaystyle 15^x+C\)<br/> 
c) \(\displaystyle 3\cdot5^x+C\)<br/> 
d) \(\displaystyle \frac{3\cdot5^{x+1}}{x+1}+C\)<br/> 
e) \(\displaystyle \frac{15^x}{\ln(5)}+C\)<br/> 
f) \(\displaystyle \frac{3\cdot5^x}{\ln(5)}+C\)<br/> ",f
q22_sp23_problem12__02,"2) Suppose that  \(f(x)=\displaystyle \frac{x+2}{x-1}\) is differentiable and has an inverse for \(x&gt; 1\) and \(f\left(3\right)=\displaystyle \frac{5}{2}\).  Find \(\left(f^{-1}\right)^{\prime}\left(\displaystyle \frac{5}{2}\right)\).<br/>
a) \(\displaystyle \frac{4}{3}\)<br/> 
b) \(\displaystyle -\frac{4}{3}\)<br/> 
c) \(\displaystyle -\frac{8}{3}\)<br/> 
d) \(\displaystyle -\frac{2}{3}\)<br/> 
e) \(\displaystyle \frac{8}{3}\)<br/> ",b
q13_sp22_problem06__04,"4) \(\text{Calculate the derivative of the given function: }f(x) =11\,{x}^{3}\tan \left( x \right) \)<br/>
a) \(f^{\prime}(x)=33\,{x}^{2}{\sec}^{2} \left( x \right) \)<br/> 
b) \(f^{\prime}(x)=33\,{x}^{2}\tan \left( x \right) +11\,{x}^{3}{\sec}^{2} \left( x \right) \)<br/> 
c) \(f^{\prime}(x)=33\,{x}^{2}\sec \left( x \right) \tan \left( x \right) \)<br/> 
d) \(f^{\prime}(x)=33\,{x}^{2}\sec \left( x \right) +11\,{x}^{3}\sec \left( x \right) \tan \left( x \right) \)<br/> 
e) \(f^{\prime}(x)=-33\,{x}^{2}{\sec}^{2} \left( x \right) \)<br/> ",b
q24_sp23_problem05__04,"4) Determine the domain and differentiate \(f(x)=\ln(\ln(4x))\).<br/>
a) Domain of \(\displaystyle f\):  \(\left(1,\infty\right);\;\displaystyle f^{\prime}(x) = \frac{4}{x\ln(4x)}\)<br/> 
b) Domain of \(\displaystyle f\):  \(\left(\displaystyle \frac{1}{4},\infty\right);\;\displaystyle f^{\prime}(x) = \displaystyle \frac{1}{x\ln  \left( 4\,x \right) }\)<br/> 
c) Domain of \(\displaystyle f\):  \(\left(-\infty,\infty\right);\;\displaystyle f^{\prime}(x) = \displaystyle \frac{1}{x\ln  \left( 4\,x \right) }\)<br/> 
d) Domain of \(\displaystyle f\):  \(\left(1,\infty\right);\;\displaystyle f^{\prime}(x) = \ln(4x)\)<br/> 
e) Domain of \(\displaystyle f\):  \(\left(-\infty,\infty\right);\;\displaystyle f^{\prime}(x) = \frac{1}{\ln(4x)}\)<br/> ",b
q15_sp22_problem11__02,"2) A 10-foot ladder is leaning against a vertical wall.  If the bottom of the ladder is being pulled away from the wall at the rate of 9 feet per second, at what rate is the area of the triangle formed by the wall, the ground, and the ladder changing, in square feet per second, at the instant the bottom of the ladder is 6 feet from the wall?<br/>
a) \(\displaystyle -\frac{63}{4}\)<br/> 
b) \(\displaystyle \frac{63}{4}\)<br/> 
c) \(\displaystyle \frac{63}{8}\)<br/> 
d) \(\displaystyle \frac{63}{2}\)<br/> 
e) \(\displaystyle -\frac{63}{2}\)<br/> ",b
q8_sp22_problem17__01,"1) Is it possible to have a function \(f\) defined on [ 2 , 5 ] that meets the given conditions? <br/> \(f\) is continuous on  [ 2 ,5 ] and the range of \(f\) is an unbounded interval.<br/>
a) Yes<br/> 
b) No<br/> ",b
q1_sp22_problem11__08,"8) Which of the following functions are one-to-one?<center><br/>\(\displaystyle f \left( x \right) =4\,x-1\)<br/>\(\displaystyle g \left( x \right) =2\,{x}^{2}+6\)<br/>\(\displaystyle h \left( x \right) = \left| x \right| +8\)</center>
a) \( g(x) \) and \( h(x) \)<br/> 
b) \( f(x) \) only<br/> 
c) \( g(x) \) only<br/> 
d) \( f(x) \) and \( g(x) \)<br/> 
e) \( f(x) \), \( g(x) \), and \( h(x) \)<br/> 
f) \( f(x) \) and \( h(x) \)<br/> 
g) \( h(x) \) only<br/> 
h) None of the functions are one-to-one.<br/>",b
q34_sp23_problem03__06,"6) Evaluate:  \(\displaystyle \int\sec \left( 5\,x+3 \right) \tan \left( 5\,x+3 \right) \,dx\)<br/>
a) \(\displaystyle 5\sec(5x+3)+C\)<br/> 
b) \(\displaystyle \displaystyle \frac{1}{5}\tan(5x+3)+C\)<br/> 
c) \(\displaystyle \displaystyle \frac{1}{5}\sec(5x+3)\tan(5x+3)+C\)<br/> 
d) \(\displaystyle \displaystyle \frac{1}{5}\sec(5x+3)+C\)<br/> 
e) \(\displaystyle 5\tan(5x+3)+C\)<br/> ",d
q26_sp23_problem09__04,"4) Differentiate the following:  \(f(x)=\displaystyle {\frac {\sinh \left( 3\,x \right) }{\cosh \left( 3\,x \right) -10}}\)<br/><br/>
a) \(\displaystyle f'(x)=\frac{3}{ \left( \cosh \left( 3\,x \right) -10 \right) ^{2}}\)<br/> 
b) \(\displaystyle f'(x)=\frac{3-30\,\cosh \left( 3\,x \right) }{ \left( \cosh \left( 3\,x \right) -10 \right) ^{2}}\)<br/> 
c) \(\displaystyle f'(x)=\frac{9-90\,\cosh \left( 3\,x \right) }{ \left( \cosh \left( 3\,x \right) -10 \right) ^{2}}\)<br/> 
d) \(\displaystyle f'(x)=\frac{1-10\,\cosh \left( 3\,x \right) }{\cosh \left( 3\,x \right) -10}\)<br/> 
e) \(\displaystyle f'(x)=\frac{10}{ \left( \cosh \left( 3\,x \right) -10 \right) ^{2}}\)<br/> ",b
q15_sp22_problem07__04,"4) A particle is moving along the parabola \(\displaystyle {x}^{2}=4\, \left( y+3 \right) \).  As the particle passes through the point \(\left(6, 6\right)\), the rate of change of its <i>y</i>-coordinate is 4 units per second.  How fast, in units per second, is the <i>x</i>-coordinate changing at this instant?<br/>
a) \(3\)<br/> 
b) \(\displaystyle \frac{4}{3}\)<br/> 
c) \(1\)<br/> 
d) \(6\)<br/> 
e) \(9\)<br/> ",b
q1_sp22_problem07__02,"2) Suppose \(f(x)=4\,x-9\) and <i>g</i> is the inverse of  <i>f</i> .  Find \( g(x) \).<br/>
a) \( g(x)=\displaystyle \frac{-1}{4\,x-9} \)<br/> 
b) \( g(x)=\displaystyle \frac{x+9}{4}\)<br/> 
c) \( g(x)=\displaystyle \frac{1}{4\,x-9}\)<br/> 
d) \(\displaystyle g(x)=\frac{-x-9}{4}\)<br/> 
e) \( g(x)=\displaystyle \frac{x-9}{4}\)<br/> 
f) None of the above.<br/>",b
q8_sp22_problem01__04,"4) Find the interval(s) of continuity for the following function:  \(\displaystyle f(x)={x}^{2}+4x-32\)<br/>
a) \( \left[ -4, 8\right] \)<br/> 
b) \(\left( -\infty,-4\right) \cup \left( -4, 8\right) \cup \left(8, \infty \right) \)<br/> 
c) \( \left( -4, 8\right) \)<br/> 
d) \(\left( -\infty, \infty \right) \)<br/> 
e) \(\left( -\infty,-4\right) \cup \left(8, \infty \right) \)<br/> 
f) None of the above.<br/>",d
q22_sp23_problem04__06,"6) Determine whether or not the given function is one-to-one and, if so, find the inverse. If \(\;f(x)={x}^{2}-7\,x+1\;\) has an inverse, give the domain of \(\;f\,^{-1}\).<br/>
a) Not one-to-one.<br/> 
b) \(f\,^{-1}(x) =\sqrt{x} + \displaystyle \frac{1}{7}\text{; domain: }\left(-\infty,0\right)\)<br/> 
c) \(f\,^{-1}(x) =\displaystyle\sqrt{x+\displaystyle \frac{45}{4}}+\displaystyle \frac{7}{2}\text{; domain: }\left(\displaystyle -\frac{45}{4},\infty\right)\)<br/> 
d) \(f\,^{-1}(x) =\displaystyle-\sqrt{x+\displaystyle \frac{45}{4}}-\displaystyle \frac{7}{2}\text{; domain: }\left(\displaystyle -\frac{45}{4},\infty\right)\)<br/> 
e) \(f\,^{-1}(x) =\sqrt{x} - \displaystyle \frac{1}{7}\text{; domain: }\left(\displaystyle \frac{1}{7},\infty\right)\)<br/> ",a
q25_sp23_problem05__02,"2) Differentiate the following:  \(f(x)=\sec^{-1}\left(3x^2\right)\)<br/>
a) \(\displaystyle f'(x)=\frac{-2}{x\sqrt {9\,{x}^{2}-1}}\)<br/> 
b) \(\displaystyle f'(x)=\frac{2}{x\sqrt {9\,{x}^{4}-1}}\)<br/> 
c) \(\displaystyle f'(x)=\frac{3}{x\sqrt {3\,{x}^{2}-1}}\)<br/> 
d) \(\displaystyle f'(x)=\frac{-2}{\sqrt {9\,{x}^{4}-1}}\)<br/> 
e) \(\displaystyle f'(x)=\frac{2}{x\sqrt {18\,{x}^{4}-1}}\)<br/> ",b
q12_sp22_problem06__02,"2) Find \(\displaystyle \frac{d}{dx}\left(\cot(x)\right)\).<br/>
a) \(\displaystyle -\csc(x)\cot(x)\)<br/> 
b) \(\displaystyle -\csc^2(x)\)<br/> 
c) \(\displaystyle \csc(x)\cot(x)\)<br/> 
d) \(\displaystyle \csc^2(x)\)<br/> 
e) None of the above.<br/>",b
q6_sp22_problem06__04,"4) Evaluate the following limit, if it exists:  \(\displaystyle  \lim_{x\rightarrow 25} \; \frac{\sqrt{x}-5}{x-25}\)<br/>
a) \(\displaystyle \frac{1}{5}\)<br/> 
b) Does not exist<br/> 
c) \(5\)<br/> 
d) \(0\)<br/> 
e) \(10\)<br/> 
f) \(\displaystyle \frac{1}{10}\)<br/> ",f
q33_sp23_problem02__04,"4) Evaluate the definite integral:  \(\displaystyle \int_{1}^{16}\!6\,\sqrt {x}\,{\rm d}x\)<br/>
a) \(\displaystyle \frac{2046}{5}\)<br/> 
b) \(252\)<br/> 
c) \(\displaystyle \frac{12276}{5}\)<br/> 
d) \(36\)<br/> 
e) \(18\)<br/> ",b
q23_sp23_problem04__09,"9) Differentiate \(\displaystyle f(x)=7^{\csc(x)}\).<br/>
a) \(\displaystyle f'(x)=-7^{\csc(x)}\cdot \ln (7) \cdot \csc(x)\cot(x)\)<br/> 
b) \(\displaystyle f'(x)=-7^{\csc(x)}\cdot \csc(x)\cot(x)\)<br/> 
c) \(\displaystyle f'(x)=7^{-\csc(x)\cot(x)} \cdot \ln(7)\)<br/> 
d) \(\displaystyle f'(x)=\csc(x) \cdot 7^\left({\csc(x)-1}\right)\)<br/> 
e) \(\displaystyle f'(x)=7^{\csc(x)}\)<br/> 
f) \(\displaystyle f'(x)=7^{\csc(x)}\cdot \ln (7)\)<br/> ",a
q12_sp22_problem10__02,"2) Find \(\displaystyle \frac{d}{dx}\left(4\,{x}^{5}\right)\).<br/>
a) \(\displaystyle 16\,{x}^{4}\)<br/> 
b) \(\displaystyle 20\,{x}^{4}\)<br/> 
c) \(\displaystyle 24\,{x}^{6}\)<br/> 
d) \(\displaystyle 20\,{x}^{6}\)<br/> 
e) None of the above.<br/> ",b
q6_sp22_problem10__21,"21) Evaluate the following limit, if it exists:  \(\displaystyle  \lim_{x\rightarrow \infty} \displaystyle \frac{2\,{x}^{3}+x+3}{5\,{x}^{2}+6}\)<br/>
a) \(\displaystyle \frac{2}{5}\)<br/> 
b) \(\displaystyle \frac{1}{2}\)<br/> 
c) Does not exist<br/> 
d) \(0\)<br/> 
e) \(2\)<br/> ",c
q9_sp22_problem01__02,"2) Find  \(\displaystyle  \lim_{x\rightarrow 0} \displaystyle \frac{3\,x}{\sin \left( 2\,x \right) }\) .<br/>
a) The limit does not exist.<br/> 
b) \(\displaystyle \frac{3}{2}\)<br/> 
c) \(\displaystyle \frac{2}{3}\)<br/> 
d) \(1\)<br/> 
e) \(0\)<br/> ",b
q27_sp23_problem09__08,"8) A closed-top box with a square base is being constructed with two different types of material. The material for lateral faces costs 2 dollars per square inch. The material for the bases costs 10 dollars per square inch. If the desired volume of the box is 90 cubic inches, find the length of the base edge that minimizes the total cost of the materials. All answers are given in inches.<br/>
a) \(\displaystyle \left(9\right)^{\frac{1}{3}}\)<br/> 
b) \(\displaystyle \left(6\right)^{\frac{1}{3}}\)<br/> 
c) \(\displaystyle \left(900\right)^{\frac{1}{3}}\)<br/> 
d) \(\displaystyle \left(450\right)^{\frac{1}{3}}\)<br/> 
e) \(\displaystyle \left(36\right)^{\frac{1}{3}}\)<br/> 
f) \(\displaystyle \left(18\right)^{\frac{1}{3}}\)<br/> ",f
q5_sp22_problem10__08,"8) Evaluate \(\displaystyle \lim _{x\rightarrow 6^{+}}f \left( x \right) \), given that \(\displaystyle f \left( x \right) \) is a piecewise function defined in two parts below:<br/><br/> \( f(x)=2\,x+1\)  when  \( x \leq 6\)<br/>\( f(x) = x^2-x \),  when  \(x &gt; 6\)<br/>
a) \(13\)<br/> 
b) Does not exist<br/> 
c) \(30\)<br/> 
d) \(1\)<br/> 
e) \(0\)<br/> ",c
q18_fa22_problem02__06,"6) Determine if Rolle's Theorem applies to the function \(\displaystyle f \left( x \right) ={x}^{2}-14\,x+36\) on the interval \(\left[4, 11\right]\). If so, find all numbers <i>c</i> on the interval that satisfy the theorem.<br/>
a) \(c=\displaystyle \frac{27}{4}\)<br/> 
b) Rolle's Theorem does not apply to this function on the given interval.<br/> 
c) \(c=\displaystyle \frac{31}{4}\)<br/> 
d) \(c=\displaystyle \frac{15}{2}\)<br/> 
e) \(c=7\)<br/> ",b
q29_sp23_problem02__04,"4) Calculate the limit:  \(\displaystyle \lim_{x\rightarrow 0}\frac{5x^2-8}{2x-\sin(4x)+6}\).<br/>
a) The limit does not exist.<br/> 
b) \(\displaystyle -\frac{4}{3}\)<br/> 
c) \(\displaystyle \frac{5}{8}\)<br/> 
d) \(-2\)<br/> 
e) \(0\)<br/> ",b
q11_sp22_problem10__02,"2) Express the derivative \(\displaystyle\frac{d}{dx}\left(f\left(4x^2-5\right)\right)\) in terms of \(f'\).<br/>
a) \(8x\)<br/> 
b) \( f'\left(4x^2-5\right)\)<br/> 
c) \( f'\left(8x\right)\)<br/> 
d) \(8x\cdot f\left(4x^2-5\right)\cdot f'(x)\)<br/> 
e) \(8x\cdot f'\left(4x^2-5\right)\)<br/> ",e
q24_sp23_problem09__11,"11) Find the derivative of \(\displaystyle f(x)=\log_{3}{(\sin(x))}\).<br/>
a) \(f'(x) = \tan \left( x \right) \ln  \left( 3 \right) \)<br/> 
b) \(f'(x) = \displaystyle \frac{\tan \left( x \right) }{\ln  \left( 3 \right) }\)<br/> 
c) \(f'(x) = \cot \left( x \right) \ln  \left( 3 \right) \)<br/> 
d) \(f'(x) = \displaystyle \frac{\cot \left( x \right) }{\ln  \left( 3 \right) }\)<br/> 
e) \(f'(x) = \displaystyle \frac{1}{\cos \left( x \right) \ln  \left( 3 \right) }\)<br/> 
f) \(f'(x) = \displaystyle \frac{1}{\sin \left( x \right) \ln  \left( 3 \right) }\)<br/> ",d
q20_fa22_problem07__11,"11) Find the critical points of \(f(x)=\displaystyle \frac{2\,x}{{x}^{2}+9}\) and classify all local and absolute extreme values on the interval \(\left[-4,2\right]\).<br/>
a) <b>Critical Point:</b> \(-3\);   <b>Absolute Minimum:</b> \(f(2)\);   <b>Local Minimum:</b> \(f(-3)\);   <b>Absolute Maximum:</b> \(f(0)\).<br/> 
b) <b>Critical Points:</b> \(3\) and \(-3\);   <b>Local and Absolute Minimum:</b> \(f(-3)\);   <b>Local and Absolute Maximum:</b> \(f(3)\).<br/> 
c) <b>Critical Point:</b> \(-3\);   <b>Local and Absolute Minimum:</b> \(f(-3)\);   <b>Absolute Maximum:</b> \(f(2)\).<br/> 
d) No critical Points, no extreme values.<br/> 
e) <b>Critical Point:</b> \(0\);   <b>Local and Absolute Maximum:</b> \(f(0)\).<br/> ",c
q3_sp22_problem07__02,"2) Identify the <i>y</i>-intercept, if there is one, in the graph of  \(\displaystyle f(x)=\frac{4x-3}{x-2}\).<br/>
a) \(\left(0,4\right)\)<br/> 
b) \(\left(0,\displaystyle -\frac{3}{2}\right)\)<br/> 
c) \(\left(0,-2\right)\)<br/> 
d) There is no <i>y</i>-intercept.<br/> 
e) \(\left(0,\displaystyle \frac{3}{2}\right)\)<br/> 
f) None of the above.<br/>",e
q22_sp23_problem08__06,"6) Given the following function, with <i>k</i>  as a constant, find the values of \(k\) for which \(\;f(x)=\displaystyle -\frac{1}{3}x^3+4x^2+kx\;\) is one-to-one.<br/>
a) \(k\le\displaystyle -\frac{1}{16}\)<br/> 
b) \(k\le-16\)<br/> 
c) \(k\ge-16\)<br/> 
d) \(k\le16\)<br/> 
e) \(-16\le k\le 16\)<br/> 
f) \(\displaystyle -\frac{1}{16}\le k\le \displaystyle \frac{1}{16}\)<br/> ",b
q30_sp23_problem02__09,"9) Use the lower sum method to approximate the area under the curve for the function  \(f(x)=6-{x}^{2}\,\) over the interval \(x \in [0,1]\) with respect to the partition \(P=\left[0,\displaystyle \frac{1}{2},\displaystyle \frac{3}{4},1\right]\).<br/>
a) \(\displaystyle \frac{361}{64}\)<br/> 
b) \(\displaystyle \frac{371}{64}\)<br/> 
c) \(\displaystyle \frac{1093}{192}\)<br/> 
d) \(\displaystyle \frac{351}{64}\)<br/> 
e) \(\displaystyle \frac{1073}{192}\)<br/> ",d
q5_sp22_problem06__02,"2) Evaluate the limit:  \(\displaystyle \lim_{x\rightarrow-4}\left(\frac{{x}^{3}+64}{x+4}\right)\).<br/>
a) Does not exist<br/> 
b) \(48\)<br/> 
c) \(0\)<br/> 
d) \(96\)<br/> 
e) \(-48\)<br/> ",b
q11_sp22_problem06__02,"2) Find \(\displaystyle\frac{d^2}{dx^2}\left[3\,\csc \left( x \right) \right].\)<br/>
a) Does not exist.<br/> 
b) \(3\csc(x)\cot^2(x)+3\csc^3(x)\)<br/> 
c) \(-3\,\csc \left( x \right) \cot \left( x \right) \)<br/> 
d) \(3\csc^2(x)\cot(x)+3\csc^3(x)\)<br/> 
e) \(3\csc(x)\cot^2(x)+3\csc^2(x)\cot(x)\)<br/> ",b
q29_sp23_problem14__04,"4) Calculate the limit:  \(\displaystyle \lim_{x\rightarrow \infty}\left(x^{4}+1\right)^{\frac{1}{\ln(x)}}\).<br/>
a) \(\displaystyle -{{\rm e}^{4}}\)<br/> 
b) \(\displaystyle {{\rm e}^{4}}\)<br/> 
c) \(\displaystyle {{\rm e}^{5}}\)<br/> 
d) \(\displaystyle -{{\rm e}^{5}}\)<br/> 
e) \(\displaystyle 0\)<br/> ",b
q2_sp22_problem07__02,"2) Find the vertex of the following quadratic function:  \(\displaystyle f(x)={x}^{2}+18x-9\)<br/>
a) \(\left(9,-90\right)\)<br/> 
b) \(\left(-9,-90\right)\)<br/> 
c) \(\left(-9,72\right)\)<br/> 
d) \(\left(9,-72\right)\)<br/> 
e) \(\left(-9,-72\right)\)<br/> 
f) None of the above.<br/>",b
q25_sp23_problem09__04,"4) Differentiate the following:  \(f(x)=\displaystyle \arctan \left( \ln  \left( 6\,x+5 \right)  \right) \)<br/>
a) \(\displaystyle f'(x)=\frac{1}{ \left( 6\,x+5 \right)  \left( 1+{[\ln  \left( 6\,x+5 \right) ]}^{2} \right) }\)<br/> 
b) \(\displaystyle f'(x)=\frac{6}{ \left( 6\,x+5 \right)  \left( 1+{[\ln  \left( 6\,x+5 \right) ]}^{2} \right) }\)<br/> 
c) \(\displaystyle f'(x)=\frac{-6}{ \left( 6\,x+5 \right)  \left( 1+{[\ln  \left( 6\,x+5 \right) ]}^{2} \right) }\)<br/> 
d) \(\displaystyle f'(x)=\frac{6}{ \left( 6\,x+5 \right)  \left( 1+\ln  \left( 6\,x+5 \right)  \right) }\)<br/> 
e) \(\displaystyle f'(x)=\frac{6}{1+{[\ln  \left( x \right) ]}^{2}}\)<br/> ",b
q10_sp22_problem10__04,"4) Given the function  \(f(x)=\displaystyle \frac{{x}^{3}}{3}\displaystyle -\frac{5\,{x}^{2}}{2}+4\,x+2\) , find the points where the tangent line has slope − 2. <br/>
a) \(\left(-3,\displaystyle -\frac{83}{2}\right), \left(2,\displaystyle \frac{8}{3}\right)\)<br/> 
b) \(\left(3,\displaystyle \frac{1}{2}\right), \left(2,\displaystyle \frac{8}{3}\right)\)<br/> 
c) \(\left(-3,\displaystyle -\frac{83}{2}\right), \left(-2,\displaystyle -\frac{56}{3}\right)\)<br/> 
d) \(\left(0,2\right), \left(-2,\displaystyle -\frac{56}{3}\right)\)<br/> 
e) \(\left(0,2\right), \left(3,\displaystyle \frac{1}{2}\right)\)<br/> ",b
q28_sp23_problem02__04,"4) Use differentials to estimate the value of  \(\displaystyle \left(1002\right)^{\frac{1}{3}}\).<br/>
a) \(\displaystyle \frac{1501}{150}\)<br/> 
b) \(12\)<br/> 
c) \(\displaystyle \frac{1499}{150}\)<br/> 
d) \(\displaystyle \frac{788}{75}\)<br/> 
e) \(8\)<br/> 
f) \(\displaystyle \frac{713}{75}\)<br/> ",a
q19_fa22_problem02__11,"11) Find the intervals on which \(f(x)={x}^{4}+3\,{x}^{3}\) decreases.<br/>
a) \(\left(-\infty,-\displaystyle \frac{9}{4}\right)\), \(\left(0,\displaystyle \frac{9}{4}\right)\)<br/> 
b) \(\left(-\infty,\infty\right)\)<br/> 
c) \(\left(-\infty,-\displaystyle \frac{9}{4}\right)\)<br/> 
d) \(\left(0,\infty\right)\)<br/> 
e) \(\left(-\displaystyle \frac{9}{4},0\right)\), \(\left(0,\infty\right)\)<br/> ",c
q10_sp22_problem06__21,"21) Find the derivative of  \(f(x)=\displaystyle \frac{7}{{x}^{2}}-7\,{x}^{3}\).<br/>
a) \(f'(x)=\displaystyle \frac{14}{{x}^{3}}-21\,{x}^{2}\)<br/> 
b) \(f'(x)=-21\,{x}^{2}+14\,x\)<br/> 
c) \(f'(x)=\displaystyle -\frac{14}{{x}^{3}}-21\,{x}^{2}\)<br/> 
d) \(f'(x)=\displaystyle -\frac{7}{{x}^{3}}+21\,{x}^{2}\)<br/> 
e) \(f'(x)=\displaystyle \frac{7}{{x}^{3}}-21\,{x}^{2}\)<br/> ",c
q23_sp23_problem08__04,"4) Differentiate \(\displaystyle f(x)=4\,x{{\rm e}^{5\,{x}^{2}}}\).<br/>
a) \(f'(x) = 4\,{{\rm e}^{5\,{x}^{2}}}+4\,x{{\rm e}^{5\,{x}^{2}}}\)<br/> 
b) \(f'(x) = 4\,{{\rm e}^{5\,{x}^{2}}}+40\,{x}^{2}{{\rm e}^{5\,{x}^{2}}}\)<br/> 
c) \(f'(x) = 4\,{{\rm e}^{5\,{x}^{2}}}\)<br/> 
d) \(f'(x) = 4\,{{\rm e}^{10\,x}}\)<br/> 
e) \(f'(x) = {{\rm e}^{5\,{x}^{2}}}+10\,{x}^{2}{{\rm e}^{5\,{x}^{2}}}\)<br/> ",b
q31_sp23_problem02__09,"9) Given that  \(x &gt; -8\) and \( \text{capital } F(x)=\displaystyle \int\limits^x_2t\sqrt {t+8}\,dt\), find \( \text{capital } F'(x)\).<br/>
a) \(\displaystyle \sqrt {x+8}\)<br/> 
b) \(\displaystyle \sqrt{x+8}+\frac{x}{2\sqrt{x+8}}\)<br/> 
c) \(\displaystyle x+8\)<br/> 
d) \(\displaystyle x\sqrt {x+8}\)<br/> 
e) \(\displaystyle x\)<br/> ",d
q27_sp23_problem05__04,"4) Find the largest possible area for a rectangle with base on the <i>x</i>-axis and upper vertices on the curve  \(y=1-x^2\).<br/>
a) \(\displaystyle \frac{2\sqrt{3}}{9}\)<br/> 
b) \(\displaystyle \frac{4\sqrt{3}}{9}\)<br/> 
c) \(\displaystyle \frac{4}{3}\)<br/> 
d) \(\displaystyle \frac{2\sqrt{6}}{9}\)<br/> 
e) \(\displaystyle \frac{8\sqrt{3}}{9}\)<br/> 
f) None of the above.<br/> ",b
q9_sp22_problem06__04,"4) Find  \(\displaystyle  \lim_{x\rightarrow 0} \frac{\sin^{2}(7x)}{5x^2}\) .<br/>
a) \(\displaystyle \frac{49}{25}\)<br/> 
b) \(\displaystyle \frac{7}{5}\)<br/> 
c) \(1\)<br/> 
d) \(0\)<br/> 
e) \(\displaystyle \frac{49}{5}\)<br/> 
f) The limit does not exist.<br/> ",e
q23_sp23_problem03__02,"2) Differentiate \(f(x)=e^{\left(6\,{x}^{2}-2\right)}\).<br/>
a) \(\displaystyle f'(x)=e^{\left(6\,{x}^{2}-2\right)}\)<br/> 
b) \(\displaystyle f'(x)=12x \cdot e^{\left(6\,{x}^{2}-2\right)}\)<br/> 
c) \(\displaystyle f'(x)=6x \cdot e^{\left(6\,{x}^{2}-2\right)}\)<br/> 
d) \(\displaystyle f'(x)=6\cdot e^{\left(6\,{x}^{2}-2\right)}\)<br/> 
e) \(\displaystyle f'(x)=\left(6\,{x}^{2}-2\right)\cdot e^{\left(6\,{x}^{2}-3\right)}\)<br/> ",b
q31_sp23_problem09__11,"11) Evaluate the definite integral:  \(\displaystyle \int\limits^4_36\,{{\rm e}^{x}}dx\)<br/>
a) \(\displaystyle 6\,{\rm e}\)<br/> 
b) \(\displaystyle -1/2\)<br/> 
c) \(\displaystyle 12\,\ln  \left( 2 \right) -6\,\ln  \left( 3 \right) \)<br/> 
d) \(\displaystyle 6\,{{\rm e}^{4}}-6\,{{\rm e}^{3}}\)<br/> 
e) \(\displaystyle 24\,{{\rm e}^{4}}-18\,{{\rm e}^{3}}\)<br/> ",d
q33_sp23_problem05__11,"11) Evaluate the definite integral:  \(\displaystyle \int^{5}_{0}\, \left| x-2 \right| \,dx\)<br/>
a) \(\displaystyle -\frac{425}{6}\)<br/> 
b) \(\displaystyle \frac{13}{2}\)<br/> 
c) \(\displaystyle \frac{5}{2}\)<br/> 
d) \(1\)<br/> 
e) \(\displaystyle \frac{45}{2}\)<br/> ",b
q12_sp22_problem01__01,"1) Find \(\displaystyle \frac{d}{dx}\left(x^p\right)\).<br/>
a) \(\displaystyle x^{p+1}\)<br/> 
b) \(\displaystyle x^{p-1}\)<br/> 
c) \(\displaystyle px^{p-1}\)<br/> 
d) \(\displaystyle px^{p+1}\)<br/> 
e) None of the above.<br/> ",c
q6_sp22_problem01__02,"2) Evaluate the following limit, if it exists:  \(\displaystyle \lim_{x\rightarrow10^{+}}\frac{\sqrt {x-10}}{x}\)<br/>
a) Does not exist<br/> 
b) \(0\)<br/> 
c) \(\displaystyle \sqrt{10}\)<br/> 
d) \(-1\)<br/> 
e) \(1\)<br/> ",b
q25_sp23_problem02__02,"2) Determine the exact value:  \(\arcsin\left(\sin\left(\displaystyle \frac{17\pi}{6}\right)\right)\)<br/>
a) \(\displaystyle \frac{\pi}{2}\)<br/> 
b) \(\displaystyle \frac{\pi}{6}\)<br/> 
c) \(\displaystyle -\frac{\pi}{6}\)<br/> 
d) \(\displaystyle \frac{2\pi}{3}\)<br/> 
e) \(0\)<br/> ",b
q9_sp22_problem10__04,"4) Find  \(\displaystyle  \lim_{x\rightarrow 0} \displaystyle\frac{6x^2}{1-\cos(3x)}\) .<br/>
a) \(\displaystyle \frac{\sqrt{6}}{3}\)<br/> 
b) \(\displaystyle \frac{4}{3}\)<br/> 
c) \(\displaystyle \frac{1}{2}\)<br/> 
d) The limit does not exist.<br/> 
e) \(0\)<br/> ",b
q22_sp23_problem03__04,"4) Find the inverse of the given function, if possible:  \( f(x) = {x}^{2}+7\), where \( x \geq 0 \).<br/>
a) \(f^{-1}(x)=\sqrt {x}-7\)<br/> 
b) \(f^{-1}(x)=\displaystyle \frac{1}{{x}^{2}+7}\)<br/> 
c) \(f^{-1}(x)= -\sqrt{x-7}\)<br/> 
d) \(f^{-1}(x)= \sqrt{x-7}\)<br/> 
e) \( f(x) \) does not have an inverse.<br/> 
f) None of the above.<br/>",d
q30_sp23_problem09__08,"8) Given that  \(\displaystyle \int_{6}^{1}\!f \left( x \right) \,{\rm d}x=3\), \(\displaystyle \int_{1}^{6}\!g \left( x \right) \,{\rm d}x=7\). Find \(\displaystyle \int_{1}^{6}\![8\,f \left( x \right) +4\,g \left( x \right) ]\,{\rm d}x\).<br/>
a) \(52\)<br/> 
b) \(4\)<br/> 
c) \(44\)<br/> 
d) \(-44\)<br/> 
e) \(-52\)<br/> 
f) \(-4\)<br/> ",b
q8_sp22_problem06__11,"11) Determine if the following function,  \(\displaystyle f\) , is continuous at the point where  \(\displaystyle x=5\).<br/><br/>\(\displaystyle f \left( x \right) \) is a piecewise function defined in three pieces, as follows:<br/>\(\displaystyle f \left( x \right) =4\,{x}^{2}+25\), when \(x &lt; 5\),<br/>\(\displaystyle f \left( x \right) =2\), when \(\displaystyle x=5\),<br/>\(\displaystyle f \left( x \right) ={x}^{3}\), when \(x &gt; 5\)<br/>
a) The function has an infinite discontinuity at <i>x</i> = 5<br/> 
b) The function is continuous at <i>x</i> = 5<br/> 
c) The function has a jump discontinuity at <i>x</i> = 5<br/> 
d) The function has a removable discontinuity at <i>x</i> = 5<br/> ",d
q16_su22_problem11__04,"4) Suppose that the position of an object is defined by \( s(t)={t}^{3}-4\,{t}^{2}+6\). Find the acceleration of the object when \(\displaystyle t=3\).<br/>
a) \(-1\) <br/> 
b) \(10\) <br/> 
c) \(3\) <br/> 
d) \(6\) <br/> 
e) \(-3\) <br/> ",b
q34_sp23_problem04__11,"11) Evaluate:  \(\displaystyle \int{\frac {10\,x+35}{\sqrt {{x}^{2}+7\,x-4}}}\,dx\)<br/>
a) \(\displaystyle 5\,\sqrt {{x}^{2}+7\,x-4}+C\)<br/> 
b) \(\displaystyle 2\,\sqrt {{x}^{2}+7\,x-4}+C\)<br/> 
c) \(\displaystyle 10\,\sqrt {{x}^{2}+7\,x-4}+C\)<br/> 
d) \(\displaystyle -10\,\sqrt {{x}^{2}+7\,x-4}+C\)<br/> 
e) \(\displaystyle -2\,\sqrt {{x}^{2}+7\,x-4}+C\)<br/> ",c
q24_sp23_problem02__04,"4) Differentiate \(\displaystyle f(x)=\ln  \left( 3\,{x}^{2}+2 \right) \).<br/>
a) \(f'(x) = \displaystyle -\frac{1}{ \left( 3\,{x}^{2}+2 \right) ^{2}}\)<br/> 
b) \(f'(x) = \displaystyle \frac{6\,x}{3\,{x}^{2}+2}\)<br/> 
c) \(f'(x) = \displaystyle \frac{3}{3\,{x}^{2}+2}\)<br/> 
d) \(f'(x) = \displaystyle -\frac{6\,x}{ \left( 3\,{x}^{2}+2 \right) ^{2}}\)<br/> 
e) \(f'(x) = \displaystyle \frac{1}{3\,{x}^{2}+2}\)<br/> ",b
q8_sp22_problem10__11,"11) Let \(\displaystyle f \left( x \right) \) be a continuous function on the interval \( \left[ 3, 8\right] \), where \(\displaystyle f \left( 3 \right) =11\)  and  \(\displaystyle f \left( 8 \right) =30\). Based on the Intermediate Value Theorem, which of the following statements must be true?<br/>
a) There is at least one number <i>c</i> in the interval \( \left(3, 8\right) \) such that \(\displaystyle f \left( c \right) =10\).<br/> 
b) There is at least one number <i>c</i> in the interval \( \left(3, 8\right) \) such that \(\displaystyle f \left( c \right) =33\).<br/> 
c) There is at least one number <i>c</i> in the interval \( \left(3, 8\right) \) such that \(\displaystyle f \left( c \right) =6\).<br/> 
d) There is at least one number <i>c</i> in the interval \( \left(3, 8\right) \) such that \(\displaystyle f \left( c \right) =29\).<br/> ",d
q34_sp23_problem12__02,"2) Evaluate:  \(\displaystyle \int^a_010\,x\sqrt {{a}^{2}-{x}^{2}}\,dx\), where <i>a</i> is a constant.<br/>
a) \(\displaystyle 10\,{a}^{3}\)<br/> 
b) \(\displaystyle 10\,{a}^{2}\)<br/> 
c) \(\displaystyle 0\)<br/> 
d) \(\displaystyle \frac{10\,{a}^{3}}{3}\)<br/> 
e) \(\displaystyle \frac{10\,{a}^{2}}{3}\)<br/> ",d
q16_su22_problem07__04,"4) Suppose that \( f(x)=4\,{x}^{2}-5\,x+7\). Find the instantaneous rate of change of the function when \(\displaystyle x=-2\).<br/>
a) \(8\) <br/> 
b) \(-21\) <br/> 
c) \(\displaystyle -\frac{33}{2}\) <br/> 
d) \(33\) <br/> 
e) \(-23\) <br/> ",b
q13_sp22_problem01__02,"2) The functions \(f\) and \(g\) are differentiable and \(h(x)=f(x) \times g(x)\). Use the information below to find \(h'(1)\).<br/>\(f(1)=-3\)<br/>\(f'(1) = 5\)<br/>\(f(2)=-6\)<br/>\(f'(2) = 0\)<br/>\(g(1)=2\)<br/>\(g'(1) = -2\)<br/>\(g(-6)=6\)<br/>\(g'(-6) = -5\)<br/>
a) \(0\)<br/> 
b) \(1\)<br/> 
c) \(4\)<br/> 
d) \(16\)<br/> 
e) \(-10\)<br/> ",d
q32_sp23_problem05__02,"2) Find  \(\displaystyle \int3x^{3/7}dx\).<br/>
a) \(\displaystyle \displaystyle \frac{7}{10}x^{{\frac {10}{7}}}+C\)<br/> 
b) \(\displaystyle \displaystyle \frac{21}{10}x^{{\frac {10}{7}}}+C\)<br/> 
c) \(\displaystyle 3x^{{\frac {10}{7}}}+C\)<br/> 
d) \(\displaystyle \displaystyle \frac{10}{21}x^{{\frac {10}{7}}}+C\)<br/> 
e) \(\displaystyle \frac{9}{7x^{4/7}}+C \)<br/> 
f) \(\displaystyle 6x^{1/2}+C\)<br/> ",b
q18_fa22_problem09__06,"6) Can the Mean Value Theorem be used with the function \(f(x)= \left| x-5 \right| \) over the interval \(\left[1, 10\right]\)?  Do not perform any computation for this problem; simply decide whether or not the Mean Value Theorem can be used.<br/>
a) Yes, the Mean Value Theorem can be used for this problem.<br/> 
b) No, the Mean Value Theorem cannot be used for this problem.<br/> ",b
q29_sp23_problem09__02,"2) Calculate the limit:  \(\displaystyle \lim_{x\rightarrow 0}\frac{5x-5\tan(x)}{6x-6\sin(x)}\).<br/>
a) \(\displaystyle -\frac{10}{3}\)<br/> 
b) \(\displaystyle -\frac{5}{3}\)<br/> 
c) \(\displaystyle \frac{5}{6}\)<br/> 
d) \(\displaystyle -\frac{3}{5}\)<br/> 
e) \(0\)<br/> ",b
q27_sp23_problem02__11,"11) Of all the rectangles with a perimeter of 20 feet, find the dimensions of the one with the largest area.<br/>
a) Not possible<br/> 
b) \(\displaystyle \frac{5}{2}\text{ feet by }\displaystyle \frac{15}{2}\text{ feet}\)<br/> 
c) \(5\text{ feet by }5\text{ feet}\)<br/> 
d) \(\displaystyle \frac{5}{4}\text{ feet by }\displaystyle \frac{35}{4}\text{ feet}\)<br/> 
e) \(\displaystyle \frac{5}{3}\text{ feet by }\displaystyle \frac{25}{3}\text{ feet}\)<br/> 
f) None of the above.<br/> ",c
q5_sp22_problem03b__04,"4) Evaluate the limit:  \(\displaystyle \lim_{x\rightarrow2}\sqrt {{x}^{2}+7\,x+4}\).<br/>
a) \(0\)<br/> 
b) \(\displaystyle \sqrt{22}\)<br/> 
c) \(\displaystyle -\sqrt{4}\)<br/> 
d) \(\displaystyle \sqrt{4}\)<br/> 
e) \(\displaystyle -\sqrt{22}\)<br/> ",b
q31_sp23_problem05__09,"9) Given that  \( \text{capital } F(x)=\displaystyle \int\limits^x_0\sqrt {{t}^{2}+16}\,dt\;\), find \( \text{capital } F''(x)\).<br/>
a) \(\displaystyle 4\)<br/> 
b) \(\displaystyle \sqrt {{x}^{2}+16}\)<br/> 
c) \(\displaystyle 0\)<br/> 
d) \(\displaystyle \frac{x}{\sqrt {{x}^{2}+16}}\)<br/> 
e) \(\displaystyle \frac{-x}{\sqrt {{x}^{2}+16}}\)<br/> ",d
q10_sp22_problem01__01,"1) <b>True or False:</b>  Differentiability implies continuity.<br/>
a) True<br/> 
b) False<br/> ",a
q33_sp23_problem09__02,"2) Water is flowing into a container at a rate of  \(r(t)=12\,t+4\)  cubic feet per minute. Find the net change in the water's volume from \(\displaystyle t=3\)  to  \(\displaystyle t=5\) seconds. All answers are in cubic feet.<br/>
a) \(172\)<br/> 
b) \(174\)<br/> 
c) \(24\)<br/> 
d) \(104\)<br/> 
e) \(88\)<br/> 
f) \(70\)<br/> ",d
q19_fa22_problem05__04,"4) Find the intervals on which \(f(x)=4\,{x}^{2} \left( 8+x \right) ^{2}\)  increases.<br/>
a) \(\left(-\infty,-8\right)\), \(\left(-4,0\right)\)<br/> 
b) \(\left(-8,-4\right)\), \(\left(0, \infty\right)\)<br/> 
c) \(\left(4,\infty\right)\)<br/> 
d) \(\left(-\infty,-8\right)\), \(\left(4,\infty\right)\)<br/> 
e) \(\left(-\infty,\infty\right)\)<br/> ",b
q28_sp23_problem05__08,"8) Given that  \(\ln(2)\approx 0.69\), use differentials to estimate  \(\ln(2.7)\).<br/>
a) \(\displaystyle  1.16\)<br/> 
b) \(\displaystyle  1.09\)<br/> 
c) \(\displaystyle  1.04\)<br/> 
d) \(\displaystyle  1.12\)<br/> 
e) \(\displaystyle  0.960\)<br/> ",c
q5_sp22_problem01__02,"2) Which of the following statements would be correct to use when proving that \(\,\displaystyle \lim_{x\to 2}(4\,x+1)=9\)?<br/>
a) Given \(0&lt;\big|x-9\big|&lt;\displaystyle \frac{\varepsilon}{4},\,\) then \(\big|(4\,x+1)-2\big|&lt; \varepsilon.\)<br/> 
b) Given \(0&lt;\big|x-2\big|&lt;\displaystyle \frac{\varepsilon}{4},\,\) then \(\big|(4\,x+1)-9\big|&lt; \varepsilon.\)<br/> 
c) Given \(0&lt;\big|x-2\big|&lt;4\varepsilon,\,\) then \(\big|(4\,x+1)-9\big|&lt; \varepsilon.\)<br/> 
d) Given \(0&lt;\big|x-2\big|&lt; 4\varepsilon,\,\) then \(\big|(4\,x+1)-9\big|&lt; \displaystyle \frac{\varepsilon}{4}.\)<br/> 
e) Given \(0&lt;\big|x-9\big|&lt; \varepsilon,\,\) then \(\big|(4\,x+1)-2\big|&lt; \displaystyle \frac{\varepsilon}{4}.\)<br/> 
f) Given \(0&lt;\big|x-2\big|&lt; \varepsilon,\,\) then \(\big|(4\,x+1)-9\big|&lt; \displaystyle \frac{\varepsilon}{4}.\)<br/> ",b
q29_sp23_problem13__02,"2) Calculate the limit:  \(\displaystyle \lim_{x\rightarrow 1^+}x^{\left(\frac{10}{x-1}\right)}\).<br/>
a) \(\displaystyle 0\)<br/> 
b) \(\displaystyle {{\rm e}^{10}}\)<br/> 
c) \(\displaystyle -{{\rm e}^{10}}\)<br/> 
d) \(\displaystyle 1\)<br/> 
e) \(\displaystyle {{\rm e}^{-10}}\)<br/> ",b
q11_sp22_problem01__04,"4) For  \(f(x)=4\,\cos \left( x \right) \), find  \(f'\left(\displaystyle \frac{\pi}{3}\right).\)<br/>
a) \(\displaystyle 2\sqrt{3}\)<br/> 
b) \(\displaystyle -2\sqrt{3}\)<br/> 
c) \(2\)<br/> 
d) \(\displaystyle -\frac{\sqrt{3}}{2}\)<br/> 
e) \(-8\)<br/> ",b
q30_sp23_problem05__02,"2) Estimate the integral  \(\displaystyle \int_{0}^{12}\!5\,{x}^{2}\,{\rm d}x\) by the midpoint estimate, where \(\displaystyle n=6\).<br/>
a) \(2574\)<br/> 
b) \(2860\)<br/> 
c) \(3003\)<br/> 
d) \(3146\)<br/> 
e) \(2717\)<br/> ",b
q34_sp23_problem08__11,"11) Evaluate:  \(\displaystyle \int\frac{11^{\sqrt{x}}}{\sqrt{x}}\,dx\)<br/>
a) \(\displaystyle \frac{11^{\sqrt{x}}}{2\ln(11)}+C\)<br/> 
b) \(\displaystyle \frac{2\cdot11^{\sqrt{x}}}{\ln(11)}+C\)<br/> 
c) \(\displaystyle \frac{22^{\sqrt{x}}}{\ln(11)}+C\)<br/> 
d) \(\displaystyle \frac{2\cdot11^{\sqrt{x}}}{\ln(\sqrt{x})}+C\)<br/> 
e) \(\displaystyle 2\cdot11^{\sqrt{x}}\cdot\ln(11)+C\)<br/> 
f) \(\displaystyle 2\cdot11^{\sqrt{x}}+C\)<br/> ",b
q26_sp23_problem02__04,"4) Use the definition of \(\cosh(x)\) to rewrite the following expression, and then simplify. Write the answer without negative exponents.\[\cosh(\ln(3))\]<br/>
a) \(\displaystyle \frac{1}{3}\)<br/> 
b) \(\displaystyle \frac{5}{3}\)<br/> 
c) \(\displaystyle \frac{1}{11}\)<br/> 
d) \(\displaystyle \frac{4}{3}\)<br/> 
e) \(\displaystyle \frac{2}{3}\)<br/> ",b
q32_sp23_problem09__04,"4) Find  \(\displaystyle \int \frac{6\,{x}^{4}-3\,{x}^{3}+5}{\sqrt{x}}\, dx\).<br/>
a) \(\displaystyle \displaystyle \frac{4\,{x}^{13/2}}{5}-\displaystyle \frac{{x}^{11/2}}{2}+\displaystyle \frac{10\,{x}^{5/2}}{3}+C\)<br/> 
b) \(\displaystyle \displaystyle \frac{4\,{x}^{9/2}}{3}-\displaystyle \frac{6\,{x}^{7/2}}{7}+\displaystyle \frac{10\,{x}^{3/2}}{3}+C\)<br/> 
c) \(\displaystyle 21\,{x}^{5/2}-\displaystyle \frac{15\,{x}^{3/2}}{2}-\displaystyle \frac{5}{2\,{x}^{3/2}}+C\)<br/> 
d) \(\displaystyle \displaystyle \frac{4\,{x}^{7/2}}{5}-\displaystyle \frac{{x}^{5/2}}{2}+\displaystyle \frac{10}{3\,\sqrt {x}}+C\)<br/> 
e) \(\displaystyle 21\,{x}^{5/2}-\displaystyle \frac{15\,{x}^{3/2}}{2}+\displaystyle \frac{5}{2\,\sqrt {x}}+C\)<br/> 
f) \(\displaystyle \displaystyle \frac{4\,{x}^{9/2}}{3}-\displaystyle \frac{6\,{x}^{7/2}}{7}+10\,\sqrt {x}+C\)<br/> ",f
q29_sp23_problem05__02,"2) Calculate the limit:  \(\displaystyle \lim_{x\rightarrow 0}\frac{\text{e}^x+\text{e}^{-x}-2}{1-\cos(11x)}\).<br/>
a) \(\displaystyle \frac{121}{2}\)<br/> 
b) \(\displaystyle \frac{2}{121}\)<br/> 
c) \(0\)<br/> 
d) \(1\)<br/> 
e) \(\displaystyle \frac{4}{121}\)<br/> ",b
q18_fa22_problem05__11,"11) Determine if Rolle's Theorem applies to the function \(\displaystyle f \left( x \right) =-3\,\sin \left( 2\,x \right) \) on the interval \(\left[0,2\pi\right]\).  If so, find all numbers <i>c</i> on the interval that satisfy the theorem.<br/>
a) \(c = \displaystyle \frac{\pi}{4}, \displaystyle \frac{3\pi}{4}, \displaystyle \frac{5\pi}{4} \text{ and }\displaystyle \frac{7\pi}{4}\)<br/> 
b) \(c=\displaystyle \frac{\pi}{2} \text{ and } \displaystyle \frac{3\pi}{2}\)<br/> 
c) \(c=\displaystyle \frac{\pi}{4} \text{ and } \displaystyle \frac{3\pi}{4}\)<br/> 
d) Rolle's Theorem does not apply to this function on the given interval.<br/> 
e) \(c=\pi \text { and } 2\pi\)<br/> ",a
q32_sp23_problem08__08,"8) Find  \(\displaystyle \int8\cos(x) \, dx\).<br/>
a) \(\displaystyle 8\cos \left( \frac{x^2}{2} \right)+C \)<br/> 
b) \(\displaystyle 8\sin(x)+C \)<br/> 
c) \(\displaystyle -8\sin(x)+C \)<br/> 
d) \(\displaystyle -8\sin \left( \frac{x^2}{2} \right)+C \)<br/> 
e) \(\displaystyle -8\cos \left (\frac{x^2}{2} \right)+C \)<br/> 
f) \(\displaystyle 8\sin \left( \frac{x^2}{2} \right)+C \)<br/> ",b
q29_sp23_problem04__04,"4) Calculate the limit:  \(\displaystyle \lim_{x\rightarrow 0}\frac{\text{e}^x-1}{6x+4x^2}\).<br/>
a) \(\displaystyle \frac{1}{14}\)<br/> 
b) \(\displaystyle \frac{1}{6}\)<br/> 
c) \(\displaystyle \frac{1}{8}\)<br/> 
d) \(0\)<br/> 
e) \(\displaystyle \frac{1}{4}\)<br/> ",b
q3_sp22_problem01__02,"2) Give the vertical asymptote(s) for the graph of  \(\displaystyle f(x)=\frac{{x}^{2}-12x+32}{{x}^{2}+5x-6}\).<br/>
a) \(\displaystyle x=-4\),  \(\displaystyle x=-1\)<br/> 
b) \(\displaystyle x=6\),  \(\displaystyle x=-1\)<br/> 
c) \(\displaystyle x=8\),  \(\displaystyle x=6\)<br/> 
d) \(\displaystyle x=-6\),  \(\displaystyle x=1\)<br/> 
e) \(\displaystyle x=-6\),  \(\displaystyle x=1\),  \(\displaystyle x=4\)<br/> 
f) None of the above.<br/>",d
q20_fa22_problem01__04,"4) Find the critical points for \(f(x)={x}^{3}+9\,{x}^{2}+24\,x+24\).<br/>
a) \(\displaystyle x=3\), \(\displaystyle x=2\), and \(\displaystyle x=4\)<br/> 
b) \(\displaystyle x=-2\) and \(\displaystyle x=-4\)<br/> 
c) \(\displaystyle x=0\), \(\displaystyle x=-2\), and \(\displaystyle x=-4\)<br/> 
d) \(\displaystyle x=0\)<br/> 
e) \(\displaystyle x=24\)<br/> ",b
q34_sp23_problem09__11,"11) Evaluate:  \(\displaystyle \int{\frac {18\,x+21}{3\,{x}^{2}+7\,x+4}}\,dx\)<br/>
a) \(\displaystyle \displaystyle \frac{3}{2}\left(3\,{x}^{2}+7\,x+4\right)^2+C\)<br/> 
b) \(\displaystyle 9\,{x}^{2}+21\,x+12+C\)<br/> 
c) \(\displaystyle 3\ln \left|3\,{x}^{2}+7\,x+4\right|+C\)<br/> 
d) \(\displaystyle \displaystyle \frac{1}{6}\left(3\,{x}^{2}+7\,x+4\right)^2+C\)<br/> 
e) \(\displaystyle \displaystyle \frac{1}{3}\ln \left|3\,{x}^{2}+7\,x+4\right|+C\)<br/> ",c
q26_sp23_problem03__04,"4) Differentiate the following function:  \(\displaystyle f(x)=\sinh \left( 3\,{x}^{2}+5 \right) \)<br/>
a) \(\displaystyle f'(x)=\cosh \left( 6\,x \right) \)<br/> 
b) \(\displaystyle f'(x)=6\,x\cosh \left( 3\,{x}^{2}+5 \right) \)<br/> 
c) \(\displaystyle f'(x)=\cosh \left( 3\,{x}^{2}+5 \right) \)<br/> 
d) \(\displaystyle f'(x)=-6\,\cosh \left( 3\,{x}^{2}+5 \right) \)<br/> 
e) \(\displaystyle f'(x)= \left( 3\,{x}^{2}+5 \right) \cosh \left( 3\,{x}^{2}+5 \right) \)<br/> ",b
q30_sp23_problem04__04,"4) Let \(\displaystyle f \left( x \right) =4\,{x}^{2}\). Approximate the area under this curve from \(\displaystyle x=0\) to \(\displaystyle x=6\) using the Riemann sum right endpoint method and 6 subintervals of equal length. (Alternate wording for this same problem: Estimate the integral \(\;\displaystyle \int_{0}^{6}\!4\,{x}^{2}\,{\rm d}x\) by the right endpoint estimate, where \(\displaystyle n=6\).)<br/>
a) \(382\)<br/> 
b) \(364\)<br/> 
c) \(328\)<br/> 
d) \(400\)<br/> 
e) \(346\)<br/> ",b
q29_sp23_problem12__13,"13) Calculate the limit:  \(\displaystyle \lim_{x\rightarrow 0^+}\left(\frac{\csc(x)}{4x}-\frac{\cot(x)}{4x}\right)\).<br/>
a) \(\displaystyle \frac{1}{8}\)<br/> 
b) \(-8\)<br/> 
c) \(\displaystyle -\frac{1}{8}\)<br/> 
d) 0<br/> 
e) \(\displaystyle -\frac{1}{4}\)<br/> 
f) \(\displaystyle \frac{1}{4}\)<br/> 
g) No limit exists.<br/> 
h) \(8\)<br/> ",a
q2_sp22_problem01__02,"2) Find the linear function  <i>f</i>  that passes through the points  \(\left(6,5\right)\)  and  \(\left(3,-3\right)\) .<br/>
a) \(\displaystyle f(x)=\displaystyle \frac{8}{3}x+5\)<br/> 
b) \(\displaystyle f(x)=\displaystyle \frac{8}{3}x-11\)<br/> 
c) \(\displaystyle f(x)=\displaystyle \frac{3}{8}x-5\)<br/> 
d) \(\displaystyle f(x)=\displaystyle \frac{3}{8}x+\displaystyle \frac{29}{4}\)<br/> 
e) \(\displaystyle f(x)=\displaystyle \frac{8}{3}x-21\)<br/> 
f) None of the above.<br/>",b
q33_sp23_problem08__04,"4) Find \(\displaystyle f \left( x \right) \) given that \(f''(x)=30\,x+14\), \(f(0)=6\), and \(f'(0)=-9\).<br/>
a) \(f(x)=5\,{x}^{3}+7\,{x}^{2}-9\,x+6\)<br/> 
b) \(f(x)=5\,{x}^{3}+7\,{x}^{2}-9\,x-9\)<br/> 
c) \(f(x)=5\,{x}^{3}+7\,{x}^{2}+6\,x-9\)<br/> 
d) \(f(x)=15\,{x}^{2}+7\,x+6\)<br/> 
e) \(f(x)=15\,{x}^{2}+7\,x-9\)<br/> 
f) \(f(x)=5\,{x}^{3}+7\,{x}^{2}+6\,x+6\)<br/> ",a
q28_sp23_problem04__11,"11) Use differentials to estimate the value of  \(\displaystyle \sin(31°)\).<br/>
a) \(\displaystyle \displaystyle \frac{1}{2}-\displaystyle \frac{\sqrt{3}}{360}\pi\)<br/> 
b) \(\displaystyle \displaystyle \frac{1}{2}+\displaystyle \frac{\sqrt{3}}{180}\pi\)<br/> 
c) \(\displaystyle \displaystyle \frac{\sqrt{3}}{2}-\displaystyle \frac{1}{180}\pi\)<br/> 
d) \(\displaystyle \displaystyle \frac{1}{2}+\displaystyle \frac{\sqrt{3}}{360}\pi\)<br/> 
e) \(\displaystyle \displaystyle \frac{\sqrt{3}}{2}+\displaystyle \frac{1}{360}\pi\)<br/> ",d
q19_fa22_problem04__06,"6) Find the intervals on which \(f(x)=\displaystyle \frac{4\,{x}^{2}+1}{4\,{x}^{2}-1}\)  decreases.<br/>
a) \(\left(0,\displaystyle \frac{1}{2}\right)\), \(\left(\displaystyle \frac{1}{2},\infty\right)\)<br/> 
b) \(\left(-\infty,\displaystyle -\frac{1}{2}\right)\), \(\left(0,\displaystyle \frac{1}{2}\right)\)<br/> 
c) \(\left(-\infty,-\displaystyle \frac{1}{2}\right)\), \(\left(-\displaystyle \frac{1}{2},0\right)\)<br/> 
d) \(\left(-\infty,\infty\right)\)<br/> 
e) \(\left(-\infty,\displaystyle -\frac{1}{2}\right)\), \(\left(\displaystyle \frac{1}{2},\infty\right)\)<br/>",a
q31_sp23_problem04__08,"8) Given that  \( \text{capital } F(x)=\displaystyle \int\limits^0_x\displaystyle \frac{1}{{t}^{2}+25}\,dt\) , find \( \text{capital } F^{\prime}(5)\).<br/>
a) \(\displaystyle \frac{1}{50}\)<br/> 
b) \(\displaystyle \frac{1}{25}\)<br/> 
c) \(\displaystyle -\frac{1}{250}\)<br/> 
d) \(50\)<br/> 
e) \(\displaystyle \frac{1}{250}\)<br/> 
f) \(\displaystyle -\frac{1}{50}\)<br/> 
g) \(\displaystyle -\frac{1}{25}\)<br/> ",f
q27_sp23_problem03__04,"4) A rectangular garden 1250 square feet in area is to be fenced off against hyenas. Find the dimensions that will require the least amount of fencing if one side of the garden is already protected by a barn.<br/>
a) \(52\text{ feet by }24\text{ feet}\)<br> 
b) \(50\text{ feet by }25\text{ feet}\)<br/> 
c) \(49\text{ feet by }24\text{ feet}\)<br/> 
d) \(150\text{ feet by }\displaystyle \frac{25}{3}\text{ feet}\)<br/> 
e) \(200\text{ feet by }\displaystyle \frac{25}{4}\text{ feet}\)<br/> 
f) None of the above.<br/> ",b
q32_sp23_problem04__04,"4) Find  \(\displaystyle \int5\sqrt{x}\, dx\).<br/>
a) \(\displaystyle 5\,{x}^{3/2}+C\)<br/> 
b) \(\displaystyle \displaystyle \frac{15\,{x}^{3/2}}{2}+C\)<br/> 
c) \(\displaystyle \displaystyle \frac{2\,{x}^{3/2}}{3}+C\)<br/> 
d) \(\displaystyle 5\,x+C\)<br/> 
e) \(\displaystyle \displaystyle \frac{5}{2\,\sqrt {x}}+C\)<br/> 
f) \(\displaystyle \displaystyle \frac{10\,{x}^{3/2}}{3}+C\)<br/> ",f
q29_sp23_problem08__04,"4) Calculate the limit:  \(\displaystyle \lim_{x\rightarrow 0}\frac{4+4x-4\text{e}^x}{3x(\text{e}^x-1)}\).<br/>
a) \(\displaystyle -\frac{3}{2}\)<br/> 
b) \(\displaystyle -\frac{2}{3}\)<br/> 
c) \(0\)<br/> 
d) \(\displaystyle -\frac{4}{3}\)<br/> 
e) \(\displaystyle \frac{2}{3}\)<br/> ",b
q18_fa22_problem08__11,"11) Determine if the function \(f(x)=6\sqrt{1-x^2}\) satisfies the Mean Value Theorem on [0, 1].   If so, find all numbers <i>c</i> on the interval that satisfy the theorem.<br/>
a) \(c=0\)<br/> 
b) \(c=\displaystyle \frac{\sqrt{2}}{2}\)<br/> 
c) \(c=\displaystyle -\frac{\sqrt{2}}{2}\text{ and }\displaystyle \frac{\sqrt{2}}{2}\)<br/> 
d) The Mean Value Theorem does not apply to this function on the given interval.<br/> 
e) \(c=\displaystyle -\frac{\sqrt{2}}{2}\)<br/> ",b
q16_su22_problem06__04,"4) Suppose that \( f(x)=5\,{x}^{2}-9\,x+7\). Find the average rate of change of the function over the interval \( [-4,3]\).<br/>
a) \(\displaystyle \frac{25}{7}\) <br/> 
b) \(-14\) <br/> 
c) \(21\) <br/> 
d) \(-49\) <br/> 
e) \(\displaystyle \frac{123}{7}\) <br/> ",b
q24_sp23_problem03__02,"2) Differentiate \(\displaystyle f(x)={5}^{6\,{x}^{2}}+\ln  \left( {{\rm e}^{x}} \right) \).<br/>
a) \(f'(x) = 5^{6x^2}\cdot\ln(5)+x\)<br/> 
b) \(f'(x) = 5^{6x^2}\cdot\ln(5)\cdot\left(12x\right)+1\)<br/> 
c) \(f'(x) = \displaystyle 5^{6x^2}\cdot\ln(5)\cdot\left(12x\right)+\frac{1}{\text{e}^x}\)<br/> 
d) \(f'(x) = 5^{6x^2}\cdot\left(12x\right)+1\)<br/> 
e) \(f'(x) = \displaystyle 5^{6x^2}\cdot\left(12x\right)+\frac{1}{\text{e}^x}\)<br/> ",b
q8_sp22_problem11__06,"6) Can the intermediate-value theorem be used to show there is a solution for the equation \(f(x)=0\)    on the interval [1,2] if   \(f(x) = 2{x}^{3}-6{x}^{2}+x-3\)? Give an explanation why.<br/>
a) Yes, because \(f(1) &gt; 0 \text{ and } f(2)&lt; 0\).<br/> 
b) Yes. because \(f(1) &lt; 0 \text{ and } f(2)&gt; 0\).<br/> 
c) No, because \(f(1) &lt; 0 \text{ and } f(2)&lt; 0\).<br/> 
d) No. because \(f(1) &gt; 0 \text{ and } f(2)&gt; 0\).<br/> ",c
q16_su22_problem10__04,"4) Suppose that the position of an object is defined by \( s(t)={t}^{3}-9\,{t}^{2}+7\). Find the average acceleration of the object over the interval \( [-3,2]\).<br/>
a) \(\displaystyle \frac{81}{5}\) <br/> 
b) \(-21\) <br/> 
c) \(\displaystyle -\frac{24}{5}\) <br/> 
d) \(16\) <br/> 
e) \(-20\) <br/> ",b
q34_sp23_problem05__06,"6) Calculate:  \(\displaystyle \int^0_{-2}6\,{x}^{2} \left( {x}^{3}+4 \right) ^{2}\,dx\)<br/>
a) \(\displaystyle \frac{128}{3}\)<br/> 
b) \(\displaystyle \frac{512}{3}\)<br/> 
c) \(\displaystyle \frac{64}{3}\)<br/> 
d) \(\displaystyle \frac{256}{3}\)<br/> 
e) \(\displaystyle \frac{11776}{35}\)<br/> ",d
q15_sp22_problem01__02,"2) Find the rate of change of the area of a circle with respect to the radius <i>r</i>.  What is the rate when \( r = 2\)?<br/>
a) \(\displaystyle\frac{dA}{dr} = \pi r\);  \( \text{rate}=4\pi\)<br/> 
b) \(\displaystyle\frac{dA}{dr} = 2\pi r\);  \( \text{rate}=4\pi\)<br/> 
c) \(\displaystyle\frac{dA}{dr} = 2\pi r\);  \( \text{rate}=2\pi\)<br/> 
d) \(\displaystyle\frac{dA}{dr} = \pi r\);  \( \text{rate}=2\pi\)<br/> 
e) \(\displaystyle\frac{dA}{dr} = 2\pi r\);  \( \text{rate}=8\pi\)<br/> ",b
q8_sp22_problem07__11,"11) Determine if the following function,  \(\displaystyle f\) , is continuous at the point where  \(\displaystyle x=3\).<br/><br/>\(\displaystyle f \left( x \right) \) is a piecewise function defined in two pieces, as follows:<br/>\(f(x)=\displaystyle\frac{x+3}{x^2-9}\) when  \(x \neq 3 \),<br/>\(f(x)=6\) when  \(\displaystyle x=3\)<br/>
a) The function is continuous at <i>x</i> = 3<br/> 
b) The function has a jump discontinuity at <i>x</i> = 3<br/> 
c) The function has a removable discontinuity at <i>x</i> = 3<br/> 
d) The function has an infinite discontinuity at <i>x</i> = 3<br/> ",d
q1_sp22_problem01__04,"4) Find the domain of the following function:  \(\displaystyle f(x)=\frac{x-4}{x-8}\)<br/>
a) \(\left(4, \infty \right) \)<br/> 
b) \(\left( -\infty,4\right) \cup \left(4, 8\right) \cup \left(8, \infty \right) \)<br/> 
c) \(\left( -\infty,4\right) \cup \left(4, \infty \right) \)<br/> 
d) \(\left( -\infty,8\right) \cup \left(8, \infty \right) \)<br/> 
e) \(\left( -\infty, \infty \right) \)<br/> 
f) None of the above.<br/>",d
q32_sp23_problem12__15,"15) Find  \(\displaystyle \int4\sec(x)\tan(x) \, dx\).<br/>
a) \(\displaystyle -4\tan^2(x)+C \)<br/> 
b) \(\displaystyle 4\sec(x)+C \)<br/> 
c) \(\displaystyle 4\tan(x)+C \)<br/> 
d) \(\displaystyle -4\sec(x)+C \)<br/> 
e) \(\displaystyle -4\csc(x)+C \)<br/> 
f) \(\displaystyle 4\csc(x)+C \)<br/> ",b
q22_sp23_problem02__04,"4) Suppose \(f(x)=5\,x+3\) and <i>g</i> is the inverse of  <i>f</i> .  Find \( g(x) \).<br/>
a) \( g(x)=\displaystyle \frac{-1}{5\,x+3} \)<br/> 
b) \(\displaystyle g(x)=\frac{-x+3}{5}\)<br/> 
c) \( g(x)=\displaystyle \frac{x+3}{5}\)<br/> 
d) \( g(x)=\displaystyle \frac{x-3}{5}\)<br/> 
e) \( g(x)=\displaystyle \frac{1}{5\,x+3}\)<br/> 
f) None of the above.<br/>",d
q30_sp23_problem08__04,"4) Find \(\displaystyle \int_{2}^{9}\!5\,{\rm d}x\).<br/>
a) \(45\)<br/> 
b) \(10\)<br/> 
c) \(55\)<br/> 
d) \(-55\)<br/> 
e) \(-35\)<br/> 
f) \(35\)<br/> ",f
q25_sp23_problem03__04,"4) Determine the exact value:  \(\sin\left(\arccos\left(\displaystyle \frac{2}{5}\right)\right)\)<br/>
a) \(\displaystyle \frac{\sqrt{21}}{5}\)<br/> 
b) \(\displaystyle \frac{\sqrt{21}}{2}\)<br/> 
c) \(\displaystyle \frac{2}{5}\)<br/> 
d) \(\displaystyle \frac{3}{5}\)<br/> 
e) \(\displaystyle \frac{2\sqrt{21}}{21}\)<br/> ",a
q9_sp22_problem11__04,"4) Find  \(\displaystyle  \lim_{x\rightarrow 0} \displaystyle \frac{6\,x}{\tan \left( 3\,x \right) }\) .<br/>
a) \(0\)<br/> 
b) \(2\)<br/> 
c) \(\displaystyle \frac{1}{2}\)<br/> 
d) The limit does not exist.<br/> 
e) \(1\)<br/> ",b
q17_su22_problem06__11,"11) A stone is thrown upward from ground level. The initial speed is 96 feet per second. How high will it go?<br/>
a) \(160\) feet <br/> 
b) \(136\) feet <br/> 
c) \(152\) feet <br/> 
d) \(144\) feet <br/> 
e) \(176\) feet <br/> ",d
q33_sp23_problem04__06,"6) Find  \(\displaystyle \int_0^3\,f(x)\,dx\)  given that \(f(x)\) is a piecewise function defined in two pieces as follows:<br/>\(f(x)=4\,x+1\), if \(0\le x \le 1\), and<br/>\(f(x)=3-2\,x\) if \(1 &lt; x \le 3\).<br/>
a) \(1\)<br/> 
b) \(0\)<br/> 
c) \(21\)<br/> 
d) \(9\)<br/> 
e) \(-4\)<br/>",a
q28_sp23_problem08__08,"8) A hose is dripping water slowly onto the ground and forming a growing circular puddle. Approximate the change in the area of the puddle from the time when the radius is 5 cm to the time when the radius of the puddle is 5.40 cm. All answers are given in square centimeters.<br/>
a) \(\displaystyle −4.00\pi \)<br/> 
b) \(\displaystyle −10.00\pi \)<br/> 
c) \(\displaystyle −8.00\pi \)<br/> 
d) \(\displaystyle 4.00\pi \)<br/> 
e) \(\displaystyle 8.00\pi \)<br/> 
f) \(\displaystyle 10.00\pi \)<br/> 
g) \(\displaystyle −0.80\pi \)<br/> 
h) \(\displaystyle 0.80\pi \)<br/> ",d
q23_sp23_problem02__04,"4) Differentiate \(\displaystyle f(x)=9\cdot5^{x}\).<br/>
a) \(\displaystyle f'(x)=9\cdot5^{x}\)<br/> 
b) \(\displaystyle f'(x)=9\cdot5^{x} \cdot \ln \left(5\right)\)<br/> 
c) \(\displaystyle f'(x)=9\cdot5^{x} \cdot \ln \left(9\right)\)<br/> 
d) \(\displaystyle f'(x)=9x\cdot 5^\left({x-1}\right)\)<br/> 
e) \(\displaystyle f'(x)=45^{x} \cdot \ln \left(5\right)\)<br/> ",b
q31_sp23_problem08__11,"11) Evaluate the definite integral:  \(\displaystyle \int\limits^{\displaystyle \pi/2}_{0}6\,\sin \left( x \right) dx\)<br/>
a) \(-3\)<br/> 
b) \(-6\)<br/> 
c) \(12\)<br/> 
d) \(6\)<br/> 
e) \(7\)<br/> ",d
q33_sp23_problem12__08,"8) The velocity of an object is represented by  \(v(t)=2\,t-14\). Which of the following expressions represents the distance traveled by the object from \(\displaystyle t=2\)  to  \(\displaystyle t=14\) seconds? (Do not evaluate the answer; simply choose the correct setup for the problem.)<br/>
a) \(\displaystyle \int_{2}^{14}\,\left(-2t+14\right)\,dt\)<br/> 
b) \(\displaystyle \int_{2}^{14}\,\left(2t-14\right)\,dt\)<br/> 
c) \(\displaystyle \int_{2}^{7}\,\left(-2t+14\right)\,dt+\int_{7}^{14}\,\left(2t-14\right)\,dt\)<br/> 
d) \(\displaystyle \int_{2}^{14}\,\left(2t-14\right)\,dt+\int_{14}^{14}\,\left(-2t+14\right)\,dt\)<br/> 
e) \(\displaystyle \int_{2}^{7}\,\left(2t-14\right)\,dt+\int_{7}^{14}\,\left(-2t+14\right)\,dt\)<br/> 
f) \(\displaystyle \int_{2}^{14}\,\left(-2t+14\right)\,dt+\int_{14}^{14}\,\left(2t-14\right)\,dt\)<br/> ",c
q14_sp22_problem01__08,"8) Find \(\displaystyle\frac{dy}{dx}\) given that \(-6\,{x}^{3}+6\,{y}^{3}+2\,xy=0.\)<br/>
a) \(\displaystyle\frac{dy}{dx} = \displaystyle -\frac{9\,{x}^{2}+y}{9\,{y}^{2}+x}\)<br/> 
b) \(\displaystyle\frac{dy}{dx} = \displaystyle \frac{6\,x-y}{x+6\,y}\)<br/> 
c) \(\displaystyle\frac{dy}{dx} = \displaystyle \frac{9\,{x}^{2}-y}{9\,{y}^{2}+x}\)<br/> 
d) \(\displaystyle\frac{dy}{dx} = \displaystyle \frac{2\,x-3\,y}{3\,x+2\,y}\)<br/> 
e) \(\displaystyle\frac{dy}{dx} = \displaystyle -\frac{6\,x+y}{x-6\,y}\)<br/> ",c
q9_sp22_problem07__02,"2) Find  \(\displaystyle  \lim_{x\rightarrow \displaystyle \frac{3\pi}{4}} \displaystyle \frac{\sin \left( 2\,x \right) }{6\,x}\) .<br/>
a) \(\displaystyle \frac{2}{9\,\pi }\)<br/> 
b) \(\displaystyle -\frac{2}{9\,\pi }\)<br/> 
c) The limit does not exist.<br/> 
d) \(\displaystyle 1\)<br/> 
e) \(\displaystyle \frac{1}{3}\)<br/> ",b
q32_sp23_problem07__04,"4) Find  \(\displaystyle \int \frac{2\,{x}^{9}+4\,{x}^{7}-3\,{x}^{2}+5}{{x}^{3}}\, dx\).<br/>
a) \(\displaystyle \displaystyle \frac{2\,{x}^{7}}{7}+\displaystyle \frac{4\,{x}^{5}}{5}-3\ln |x| -\displaystyle \frac{5}{4\,{x}^{4}}+C\)<br/> 
b) \(\displaystyle \displaystyle \frac{2\,{x}^{5}}{5}+\displaystyle \frac{4\,{x}^{3}}{3}-\displaystyle \frac{3}{2\,{x}^{2}}-\displaystyle \frac{5}{4\,{x}^{4}}+C\)<br/> 
c) \(\displaystyle 12\,{x}^{2}+16+\displaystyle \frac{3}{{x}^{5}}-\displaystyle \frac{15}{{x}^{7}}+C\)<br/> 
d) \(\displaystyle 2\,{x}^{6}+4\,{x}^{4}-\displaystyle \frac{3}{x}+\displaystyle \frac{5}{{x}^{3}}+C\)<br/> 
e) \(\displaystyle \displaystyle \frac{{x}^{6}}{3}+{x}^{4}+\displaystyle \frac{3}{x}-\displaystyle \frac{5}{3\,{x}^{3}}+C\)<br/> 
f) \(\displaystyle \displaystyle \frac{2\,{x}^{7}}{7}+\displaystyle \frac{4\,{x}^{5}}{5}-3\ln |x| -\displaystyle \frac{5}{2\,{x}^{2}}+C\)<br/> ",f
q13_sp22_problem03__02,"2) The functions \(f\) and \(g\) are differentiable and \(h(x)=f(g(x))\). Use the information below to find \(h'(0)\).<br/>\(f(0)=-1\)<br/>\(f'(0) = 6\)<br/>\(f(3)=-5\)<br/>\(f'(3) = 4\)<br/>\(g(0)=3\)<br/>\(g'(0) = -3\)<br/>\(g(-5)=5\)<br/>\(g'(-5) = -6\)<br/>
a) \(-24\)<br/> 
b) \(3\)<br/> 
c) \(0\)<br/> 
d) \(12\)<br/> 
e) \(-12\)<br/> ",e
q16_su22_problem05__04,"4) An object moves along a coordinate line, its position at each time \(t\ge 0\)  is given by \(x(t) = -5\,{t}^{3}+4\,{t}^{2}+7\,t-6\). Find the speed at time \(t = 3\).<br/>
a) \(-82\)<br/> 
b) \(0\)<br/> 
c) \(485\)<br/> 
d) \(82\)<br/> 
e) \(104\)<br/> 
f) \(-104\)<br/> ",e
q34_sp23_problem10__08,"8) Evaluate:  \(\displaystyle \int5\ln \left( \sin(x) \right) \cdot \cot(x)\,dx\)<br/>
a) \(\displaystyle \frac{-5}{\cot(x)}+C\)<br/> 
b) \(\displaystyle \displaystyle -\frac{5}{2}\cdot \left[\ln(\cos(x))\right]^2+C\)<br/> 
c) \(\displaystyle \frac{5}{\tan(x)}+C\)<br/> 
d) \(\displaystyle \displaystyle \frac{5}{2}\cdot \left[\ln(\sin(x))\right]^2+C\)<br/> 
e) \(\displaystyle \frac{-5}{\sin(x)}+C\)<br/> 
f) \(\displaystyle \frac{5}{\cos(x)}+C\)<br/> ",d
q8_sp22_problem12__06,"6) Can the intermediate-value theorem be used to show there is a solution for the equation \(f(x)=0\)    on the interval [1,2] if   \(f(x) = 3{x}^{3}-2{x}^{2}+2x-4\)? Give an explanation why.<br/>
a) No. because \(f(1) &lt; 0 \text{ and } f(2)&lt; 0\).<br/> 
b) Yes. because \(f(1) &gt; 0 \text{ and } f(2)&lt; 0\).<br/> 
c) No, because \(f(1) &gt; 0 \text{ and } f(2)&gt; 0\).<br/> 
d) Yes, because \(f(1) &lt; 0 \text{ and } f(2)&gt; 0\).<br/> ",d
q34_sp23_problem06__11,"11) Evaluate:  \(\displaystyle \int\displaystyle \frac{x}{3\,{x}^{2}+2}\,dx\)<br/>
a) \(\displaystyle \displaystyle -\frac{x}{ \left( 3\,{x}^{2}+2 \right) ^{2}}+C\)<br/> 
b) \(\displaystyle \displaystyle -\frac{x}{6\, \left( 3\,{x}^{2}+2 \right) ^{2}}+C\)<br/> 
c) \(\displaystyle \displaystyle \frac{3}{2}\ln\left|3x^2+2\right|+C\)<br/> 
d) \(\displaystyle \displaystyle \frac{1}{6}\ln\left|3x^2+2\right|+C\)<br/> 
e) \(\displaystyle \displaystyle \frac{1}{3}\ln\left|3x^2+2\right|+C\)<br/> ",d
q1_sp22_problem02__04,"4) Find the domain of the following function:  \(f(x)=\sqrt{7-4x}\)<br/>
a) \(\left( -\infty, \displaystyle \frac{7}{4} \right) \)<br/> 
b) \(\left(\displaystyle \frac{7}{4}, \infty \right) \)<br/> 
c) \(\left[\displaystyle \frac{7}{4}, \infty \right) \)<br/> 
d) \(\left( -\infty,\displaystyle \frac{7}{4}\right] \)<br/> 
e) \(\left( -\infty, \infty \right) \)<br/> 
f) None of the above.<br/>",d
q8_sp22_problem04__04,"4) Find the interval(s) of continuity for the following function:  \(\displaystyle f(x)=\frac{\sqrt {x+6}}{x-8}\)<br/>
a) \(\left( -\infty, \infty \right) \)<br/> 
b) \(\left( -\infty,8\right) \cup \left(8, \infty \right) \)<br/> 
c) \(\left(-6, 8\right) \cup \left(8, \infty \right) \)<br/> 
d) \(\left[-6, 8\right) \cup \left(8, \infty \right) \)<br/> 
e) \(\left[-6, \infty \right) \)<br/> 
f) None of the above.<br/>",d
q15_sp22_problem02__02,"2) Find the rate of change of the volume of a sphere with respect to the radius \(r\).  What is the rate when \( r = 2\)?<br/>
a) \(\displaystyle\frac{dV}{dr} = 4\pi r^2\);  \( \text{ rate }= 8\pi\)<br/> 
b) \(\displaystyle\frac{dV}{dr} = 4\pi r^2\);  \( \text{ rate }= 16\pi\)<br/> 
c) \(\displaystyle\frac{dV}{dr} = 2\pi r^2\);  \( \text{ rate }= 8\pi\)<br/> 
d) \(\displaystyle\frac{dV}{dr} = 2\pi r\);  \( \text{ rate }= 4\pi\)<br/> 
e) \(\displaystyle\frac{dV}{dr} = 4\pi r\);  \( \text{ rate }= 8\pi\)<br/> ",b
q32_sp23_problem11__08,"8) Find  \(\displaystyle \int8\cosh(x) \, dx\).<br/>
a) \(\displaystyle 8\cosh \left( \frac{x^2}{2} \right)+C \)<br/> 
b) \(\displaystyle 8\sinh(x)+C \)<br/> 
c) \(\displaystyle -8\sinh(x)+C \)<br/> 
d) \(\displaystyle -8\sinh \left( \frac{x^2}{2} \right)+C \)<br/> 
e) \(\displaystyle -8\cosh \left (\frac{x^2}{2} \right)+C \)<br/> 
f) \(\displaystyle 8\sinh \left( \frac{x^2}{2} \right)+C \)<br/> ",b
q17_su22_problem05__11,"11) A stone is thrown upward from ground level. The initial speed is 352 feet per second. In how many seconds will the stone hit the ground?<br/>
a) \(21\)<br/> 
b) \(24\)<br/> 
c) \(28\)<br/> 
d) \(22\)<br/> 
e) \(26\)<br/> ",d
q6_sp22_problem03__02,"2) Evaluate the following limit, if it exists:  \(\displaystyle \lim _{x\rightarrow 6}3\)<br/>
a) \(9\)<br/> 
b) \(6\)<br/> 
c) \(1\)<br/> 
d) \(3\)<br/> 
e) \(0\)<br/> 
f) Does not exist<br/> ",d
q12_sp22_problem03__01,"1) Find \(\displaystyle \frac{d}{dx}\left(f(x)\cdot g(x)\right)\).<br/>
a) \(\displaystyle f^\prime(x)g^\prime(x)\)<br/> 
b) \(\displaystyle f(x)g^\prime(x)-f^\prime(x)g(x)\)<br/> 
c) \(\displaystyle g^\prime(x)+f^\prime(x)\)<br/> 
d) \(\displaystyle f(x)g^\prime(x)+f^\prime(x)g(x)\)<br/> 
e) None of the above.<br/> ",d
q33_sp23_problem07__04,"4) Find \(\displaystyle f \left( x \right) \) given that \(f'(x)=8\,x+6\) and \(f(0)=7\).<br/>
a) \(f(x)=4\,{x}^{2}+6\,x+7\)<br/> 
b) \(f(x)=8\,x+6\)<br/> 
c) \(f(x)=7\)<br/> 
d) \(f(x)=4\,{x}^{2}+6\,x\)<br/> 
e) \(f(x)=8\,x+13\)<br/> ",a
q23_sp23_problem01__04,"4) Differentiate \(\displaystyle f(x)=5e^x\).<br/>
a) \(\displaystyle f'(x)=5e^x \cdot \ln(5)\)<br/> 
b) \(\displaystyle f'(x)=5e^x\)<br/> 
c) \(\displaystyle f'(x)=5x\cdot e^\left({x-1}\right)\)<br/> 
d) \(\displaystyle f'(x)=e^{x}\)<br/> 
e) \(\displaystyle f'(x)=5x\cdot e^{x}\)<br/> ",b
q33_sp23_problem11__08,"8) The velocity of an object is represented by  \(v(t)=2\,t-6\). Which of the following expressions represents the object's displacement from \(\displaystyle t=1\)  to  \(\displaystyle t=12\) seconds? (Do not evaluate the answer; simply choose the correct setup for the problem.)<br/>
a) \(\displaystyle \int_{1}^{6}\,\left(-2t+6\right)\,dt+\int_{6}^{12}\,\left(2t-6\right)\,dt\)<br/> 
b) \(\displaystyle \int_{1}^{3}\,\left(-2t+6\right)\,dt+\int_{3}^{12}\,\left(2t-6\right)\,dt\)<br/> 
c) \(\displaystyle \int_{1}^{12}\,\left(-2t+6\right)\,dt\)<br/> 
d) \(\displaystyle \int_{1}^{3}\,\left(2t-6\right)\,dt+\int_{3}^{12}\,\left(-2t+6\right)\,dt\)<br/> 
e) \(\displaystyle \int_{1}^{12}\,\left(2t-6\right)\,dt\)<br/> 
f) \(\displaystyle \int_{1}^{6}\,\left(2t-6\right)\,dt+\int_{6}^{12}\,\left(-2t+6\right)\,dt\)<br/> ",e
q9_sp22_problem04__04,"4) Find  \(\displaystyle  \lim_{x\rightarrow 0} \frac{\sin^{2}(3x)}{2x}\) .<br/>
a) \(\displaystyle \frac{9}{2}\)<br/> 
b) \(\displaystyle \frac{3}{2}\)<br/> 
c) \(1\)<br/> 
d) The limit does not exist.<br/> 
e) \(\displaystyle \frac{2}{3}\)<br/> 
f) \(0\)<br/> ",f
q14_sp22_problem02__04,"4) Find \(\displaystyle\frac{dy}{dx}\) given that \(\sin \left( 3\,x+5\,y \right) =7\,{x}^{3}.\)<br/>
a) \(\displaystyle\frac{dy}{dx} = \frac{-21\,{x}^{2}-3\,\cos \left( 3\,x+5\,y \right) }{5\,\cos \left( 3\,x+5\,y \right) }\)<br/> 
b) \(\displaystyle\frac{dy}{dx} = \frac{21\,{x}^{2}-3\,\cos \left( 3\,x+5\,y \right) }{5\,\cos \left( 3\,x+5\,y \right) }\)<br/> 
c) \(\displaystyle\frac{dy}{dx} = \frac{-21\,{x}^{2}+3\,\cos \left( 3\,x+5\,y \right) }{5\,\cos \left( 3\,x+5\,y \right) }\)<br/> 
d) \(\displaystyle\frac{dy}{dx} = \frac{-21\,{x}^{2}-3\,\sin \left( 3\,x+5\,y \right) }{5\,\sin \left( 3\,x+5\,y \right) }\)<br/> 
e) \(\displaystyle\frac{dy}{dx} = \frac{-42\,{x}^{2}-6\,\cos \left( 3\,x+5\,y \right) }{5\,\cos \left( 3\,x+5\,y \right) }\)<br/> ",b
q30_sp23_problem11__04,"4) Given that  \(\displaystyle \int_{1}^{5}\!f \left( x \right) \,{\rm d}x=3,\int_{2}^{5}\!f \left( x \right) \,{\rm d}x=5\text{ and }\int_{1}^{8}\!f \left( x \right) \,{\rm d}x=9\text{ find }\int_{2}^{8}\!f \left( x \right) \,{\rm d}x\).<br/>
a) \(-11\)<br/> 
b) \(11\)<br/> 
c) \(17\)<br/> 
d) \(12\)<br/> 
e) \(-6\)<br/> ",b
q18_fa22_problem07__11,"11) Determine if the function \(\displaystyle f \left( x \right) =2\,\sqrt {x}-3\,x\) satisfies the Mean Value Theorem on [1, 25].   If so, find all numbers <i>c</i> on the interval that satisfy the theorem.<br/>
a) \(c=-9\)<br/> 
b) \(c=9\)<br/> 
c) \(c=\displaystyle \frac{9}{2}\)<br/> 
d) The Mean Value Theorem does not apply to this function on the given interval.<br/> 
e) \(c=18\)<br/> ",b
q29_sp23_problem07__04,"4) Calculate the limit:  \(\displaystyle \lim_{x\rightarrow \infty}\frac{\ln\left(x^{4}\right)}{x}\).<br/>
a) \(1\)<br/> 
b) \(0\)<br/> 
c) \(4\)<br/> 
d) \(\displaystyle \frac{1}{4}\)<br/> 
e) \(-1\)<br/> ",b
q20_fa22_problem02__04,"4) Find the critical points for \(\displaystyle f(x)=14\sqrt{x}-4x-19\).<br/>
a) There are no critical points for \(f\).<br/> 
b) \(x=0\) and \(x=\displaystyle \frac{49}{16}\)<br/> 
c) \(x=0\)<br/> 
d) \(x=\displaystyle \frac{7}{4}\)<br/> 
e) \(x=\displaystyle \frac{49}{16}\)<br/> ",b
q3_sp22_problem02__02,"2) Give the coordinates of the <i>x</i>-intercept(s) for the graph of  \(\displaystyle f(x)=\frac{{x}^{2}-12x+32}{{x}^{2}+2x-24}\).<br/>
a) \(\left(4,0\right)\), \(\left(-6,0\right)\)<br/> 
b) \(\left(8,0\right)\)<br/> 
c) \(\left(8,0\right)\), \(\left(-6,0\right)\)<br/> 
d) \(\left(-6,0\right)\)<br/> 
e) \(\left(4,0\right)\), \(\left(8,0\right)\)<br/> 
f) None of the above.<br/>",b
q16_su22_problem09__04,"4) Suppose that the position of an object is defined by \( s(t)={t}^{2}+5\,t-6\). Find the velocity of the object when \(\displaystyle t=-2\).<br/>
a) \(-3\) <br/> 
b) \(1\) <br/> 
c) \(-12\) <br/> 
d) \(6\) <br/> 
e) \(2\) <br/> ",b
q8_sp22_problem08__04,"4) The function \( f(x)=\displaystyle \frac{{x}^{2}-4}{x+2}\) is defined everywhere except at \(\displaystyle x=-2\). If possible, define \(f(x)\) at \(-2\) so that it becomes continuous at \(-2\).<br/>
a) \(f(-2) = -2\)<br/> 
b) \(f(-2) = 0\)<br/> 
c) \(f(-2) = -4\)<br/> 
d) Not possible because there is an infinite discontinuity at the given point.<br/> 
e) Not possible because there is a jump discontinuity at the given point.<br/> ",c
q30_sp23_problem07__04,"4) Given that  \(\displaystyle \int_{1}^{5}\!f \left( x \right) \,{\rm d}x=3\), \(\displaystyle \int_{2}^{5}\!f \left( x \right) \,{\rm d}x=5\), and \(\displaystyle \int_{1}^{8}\!f \left( x \right) \,{\rm d}x=9\), find \(\displaystyle \int_{5}^{8}\!f \left( x \right) \,{\rm d}x\).<br/>
a) \(-11\)<br/> 
b) \(6\)<br/> 
c) \(17\)<br/> 
d) \(12\)<br/> 
e) \(-6\)<br/> ",b
q11_sp22_problem03__04,"4) Find the third derivative of the function \(f(x)={x}^{3}\displaystyle -\frac{3\,{x}^{2}}{2}+x+1\).<br/>
a) \(f'''(x)=6\,x-3\)<br/> 
b) \(f'''(x)=6\)<br/> 
c) \(f'''(x)=3\,{x}^{2}-3\,x+1\)<br/> 
d) \(f'''(x)=18\,x-6\)<br/> 
e) \(f'''(x)=18\)<br/> ",b
q29_sp23_problem11__04,"4) Calculate the limit:  \(\displaystyle \lim_{x\rightarrow \infty}\left(x^4\sin{\left(\frac{1}{x^5}\right)}\right)\).<br/>
a) \(\displaystyle \frac{5}{4}\)<br/> 
b) \(0\)<br/> 
c) No limit exists.<br/> 
d) \(1\)<br/> 
e) \(\displaystyle \frac{4}{5}\)<br/> ",b
q2_sp22_problem02__02,"2) Find the linear function  <i>f</i>  that passes through the point  \(\left(7,4\right)\)  and is parallel to the line  \(\displaystyle y=5\) .<br/>
a) \(\displaystyle f(x)=x+4\)<br/> 
b) \(\displaystyle f(x)=4\)<br/> 
c) \(\displaystyle f(x)=x-4\)<br/> 
d) \(\displaystyle f(x)=x+7\)<br/> 
e) \(\displaystyle f(x)=7\)<br/> 
f) None of the above.<br/>",b
q21_fa22_problem02__06,"6) Describe the concavity of the graph of  \(f(x)=\displaystyle -\frac{{x}^{4}}{3}+18\,{x}^{2}\)  and find the points of inflection (if any).<br/>
a) concave down on \(\left(-\infty,-3\right)\) and \(\left(3,\infty\right)\); concave up on \(\left(-3,3\right)\); points of inflection \(\left(3, 135\right)\) and \(\left(-3, 135\right)\).<br/> 
b) concave up on \(\left(-\infty,-3\right)\) and \(\left(3,\infty\right)\); concave down on \(\left(-3,3\right)\); points of inflection \(\left(3, 135\right)\) and \(\left(-3, 135\right)\).<br/> 
c) concave down on \((-\infty,0)\); concave up on \((0,\infty)\); point of inflection \((0, 0)\).<br/> 
d) concave up on \((-\infty,0)\); concave down on \((0,\infty)\); point of inflection \((0, 0)\).<br/> 
e) concave up on \((-\infty,\infty)\); no points of inflection<br/> ",a
q28_sp23_problem07__02,"2) Consider the function  \(f(x)={x}^{3/5}\).  Approximate the change in \(f\) as \(x\) changes from 31 to 32.<br/>
a) \(\displaystyle \frac{3}{20}\)<br/> 
b) \(\displaystyle \frac{157}{20}\)<br/> 
c) \(\displaystyle \frac{23}{20}\)<br/> 
d) \(\displaystyle -\frac{17}{20}\)<br/> 
e) \(\displaystyle \frac{163}{20}\)<br/> ",a
q19_fa22_problem07__04,"4) Find the intervals on which \(f(x)=3\,{\cos}^{4} \left( x \right) \)  decreases  for \(0\le x \le \pi\).<br/>
a) \(f(x)\) is never  decreases  on the given interval.<br/> 
b) \(\left[0,\displaystyle\frac{\pi}{2}\right]\)<br/> 
c) \(\left[0,\pi\right]\)<br/> 
d) \(\left[\displaystyle\frac{\pi}{2}, \pi\right]\)<br/> 
e) \(\left[\displaystyle\frac{\pi}{4}, \frac{3\pi}{4}\right]\)<br/> ",b
q31_sp23_problem11__11,"11) Find a formula for  \(f(x)\)  given that \(f\) is continuous and  \(\displaystyle 5\,{x}^{4}+{x}^{2}-7\,x = \int\limits_0^x\,f(t)\,dt\).<br/>
a) \( f(x)={x}^{5}+\displaystyle \frac{{x}^{3}}{3}\displaystyle -\frac{7\,{x}^{2}}{2}\)<br/> 
b) \(\displaystyle f \left( x \right) =5\,{x}^{4}+{x}^{2}-6\,x\)<br/> 
c) \(\displaystyle f \left( x \right) =20\,{x}^{3}+2\,x-7\)<br/> 
d) \(\displaystyle f \left( x \right) =5\,{x}^{4}+{x}^{2}-7\,x\)<br/> 
e) \( f(x)={x}^{5}+\displaystyle \frac{{x}^{3}}{3}\displaystyle -\frac{7\,{x}^{2}}{2}-7\)<br/> ",c
q10_sp22_problem03__02,"2) A piecewise function is defined in two parts as follows:<br/><br/> \(f(x)=-4x\) when \(x &lt;-2\),<br/>\(f(x)={x}^{2}+4\) when \(x \geq -2\).<br/><br/> Find \(f'(-2)\), if it exists.<br/>
a) 0<br/> 
b) − 4<br/> 
c) \(f'(-2)\) does not exist<br/> 
d) 4<br/> 
e) − 3<br/> ",b
q31_sp23_problem07__11,"11) Find the derivative of  \( \text{capital } F(x)=\displaystyle \int\limits^{x\cos \left( x \right) }_0\sqrt {4-{t}^{2}}\,dt\;\).<br/>
a) \(\displaystyle  \left( \cos \left( x \right) -x\sin \left( x \right)  \right) \sqrt {4-{x}^{2}}\)<br/> 
b) \(\displaystyle \sqrt {4-{x}^{2} \left( \cos \left( x \right)  \right) ^{2}}\)<br/> 
c) \(\displaystyle  \left( \cos \left( x \right) -x\sin \left( x \right)  \right) \sqrt {4-{x}^{2} \left( \cos \left( x \right)  \right) ^{2}}\)<br/> 
d) \(\displaystyle -{\frac {x\cos \left( x \right) }{\sqrt {4-{x}^{2} \left( \cos \left( x \right)  \right) ^{2}}}}\)<br/> 
e) \(\displaystyle \sqrt {4-{x}^{2}}\)<br/> ",c
q9_sp22_problem08__04,"4) Find  \(\displaystyle  \lim_{x\rightarrow 0} \frac{1-\cos(6x)}{3x}\) .<br/>
a) \(2\)<br/> 
b) \(0\)<br/> 
c) \(\displaystyle \frac{1}{2}\)<br/> 
d) The limit does not exist.<br/> 
e) \(1\)<br/> ",b
q9_sp22_problem09__04,"4) Find  \(\displaystyle  \lim_{x\rightarrow 0} \displaystyle \frac{2}{x\csc \left( 6\,x \right) }\) .<br/>
a) \(-12\)<br/> 
b) \(12\)<br/> 
c) \(\displaystyle \frac{1}{2}\)<br/> 
d) The limit does not exist.<br/> 
e) \(1\)<br/> ",b
q5_sp22_problem03a__04,"4) Evaluate the limit:  \(\displaystyle \lim_{x\rightarrow-2}({x}^{2}-7\,x+3)\).<br/><br/>
a) \(10\)<br/> 
b) \(21\)<br/> 
c) \(0\)<br/> 
d) \(-21\)<br/> 
e) \(4\)<br/> ",b
q27_sp23_problem01__11,"11) Of all the rectangles with an area of 36 square feet, find the dimensions of the one with the smallest perimeter.<br/>
a) Not possible<br/> 
b) \(3\text{ feet by }12\text{ feet}\)<br/> 
c) \(6\text{ feet by }6\text{ feet}\)<br/> 
d) \(\displaystyle \frac{3}{2}\text{ feet by }24\text{ feet}\)<br/> 
e) \(2\text{ feet by }18\text{ feet}\)<br/> 
f) None of the above.<br/>",c
q31_sp23_problem06__11,"11) Find the derivative of  \( \text{capital } F(x)=\displaystyle \int\limits^{x^{2}}_0t\cos \left( t \right) \,dt\;\).<br/>
a) \(\displaystyle \cos \left( {x}^{2} \right) -{x}^{2}\sin \left( {x}^{2} \right) \)<br/> 
b) \(\displaystyle {x}^{2}\cos \left( {x}^{2} \right) \)<br/> 
c) \(\displaystyle 2\,{x}^{3}\cos \left( {x}^{2} \right) \)<br/> 
d) \(\displaystyle 2\,{x}^{2}\cos \left( x \right) \)<br/> 
e) \(\displaystyle x\cos \left( x \right) \)<br/> ",c
q10_sp22_problem02__02,"2) Given that  \(f(x)=\left|x+5\right|\),  determine where \(f\) is not differentiable.<br/>
a) At \(x = 5\)<br/> 
b) At \(x = -5\)<br/> 
c) \(f(x)\) is everywhere differentiable<br/> 
d) At \(x = -5\) and \(x = 5\)<br/> 
e) At \(x = 0\)<br/> ",b
q19_fa22_problem06__04,"4) Find the intervals on which \(f(x)=3\,x+3\,\cos \left( x \right) \) decreases for \(0\le x \le 2\pi\).<br/>
a) \(\left[0, 2\pi\right]\)<br/> 
b) \(f(x)\) is never decreasing on the given interval.<br/> 
c) \(\left[\displaystyle 0,\frac{3\pi}{2}\right]\)<br/> 
d) \(\left[\displaystyle\frac{3\pi}{2}, 2\pi\right]\)<br/> 
e) \(\left[\displaystyle\frac{\pi}{2}, 2\pi\right]\)<br/> ",b
q28_sp23_problem06__02,"2) Consider the function  \(f(x)={x}^{3/4}\).  Approximate the change in \(f\) as \(x\) changes from 81 to 82.<br/>
a) \(\displaystyle \frac{107}{4}\)<br/> 
b) \(\displaystyle -\frac{3}{4}\)<br/> 
c) \(\displaystyle \frac{5}{4}\)<br/> 
d) \(\displaystyle \frac{1}{4}\)<br/> 
e) \(\displaystyle \frac{109}{4}\)<br/> ",d
q2_sp22_problem03__02,"2) Find the linear function  \(\displaystyle f \left( x \right) \)  which satisfies  \(\displaystyle f \left( 9 \right) =4\)  and has a graph that is parallel to the line  \(\displaystyle -10x+y=-8\) .<br/>
a) \(\displaystyle f(x)=10x+94\)<br/> 
b) \(\displaystyle f(x)=10x-86\)<br/> 
c) \(\displaystyle f(x)=-10x-94\)<br/> 
d) \(\displaystyle f(x)=10x+40\)<br/> 
e) \(\displaystyle f(x)=-10x-90\)<br/> 
f) None of the above.<br/>",b
q21_fa22_problem03__07,"7) Describe the concavity of the graph of  \(f(x)=\displaystyle \frac{x}{x+6}\)  and find the points of inflection (if any).<br/>
a) concave down on \(\left(-\infty,-6\right)\); concave up on \(\left(-6, \infty \right)\); point of inflection \(\left(-6,0\right)\).<br/> 
b) concave down on \((-\infty,\infty)\); no points of inflection<br/> 
c) concave up on \((-\infty,\infty)\); no points of inflection<br/> 
d) concave up on \(\left(-\infty,-6\right)\); concave down on \(\left(-6, \infty \right)\); no points of inflection.<br/> 
e) concave up on \(\left(-\infty,-6\right)\); concave down on \(\left(-6, \infty \right)\); point of inflection \(\left(-6,0\right)\).<br/> 
f) concave down on \(\left(-\infty,-6\right)\); concave up on \(\left(-6, \infty \right)\); no points of inflection.<br/> ",d
q11_sp22_problem02__02,"2) For  \(g(x)=x+5\,\sin \left( x \right) +\cot \left( x \right) ,\;\text{find}\;g'\left(\displaystyle \frac{\pi}{4}\right).\) <br/>
a) \(2+\sqrt{3}\)<br/> 
b) \(\displaystyle \frac{5\sqrt{2}}{2}-1\)<br/> 
c) \(2-\sqrt{3}\)<br/> 
d) \(\displaystyle \frac{5\sqrt{2}}{2}-1+\displaystyle \frac{\pi}{4}\)<br/> 
e) \(\displaystyle\frac{\sqrt{3}}{2}+\displaystyle \frac{\pi}{4}\)<br/> ",b
q18_fa22_problem10__06,"6) Can the Mean Value Theorem be used for the function \(f(x)=\displaystyle \frac{x+4}{x-8}\) over the interval \(\left[-6, -3\right]\)?  Do not perform any computation for this problem; simply decide whether or not the Mean Value Theorem can be used.<br/>
a) Yes, the Mean Value Theorem can be used for this problem.<br/> 
b) No, the Mean Value Theorem cannot be used for this problem.<br/> ",a
q29_sp23_problem10__04,"4) Calculate the limit:  \(\displaystyle \lim_{x\rightarrow 0^+}\left(x^8\ln{\left(x^5\right)}\right)\).<br/>
a) \(\displaystyle -\frac{5}{8}\)<br/> 
b) \(0\)<br/> 
c) No limit exists.<br/> 
d) \(\displaystyle -\frac{1}{8}\)<br/> 
e) \(\displaystyle -\frac{8}{5}\)<br/> ",b
q5_sp22_problem02__04,"4) For the following limit, find the largest δ that works for \( \varepsilon = \displaystyle \frac{1}{10}\).\[\lim _{x\rightarrow 4}5\,x=20\]
a) \(\displaystyle \frac{1}{10}\)<br/> 
b) \(\displaystyle \frac{1}{50}\)<br/> 
c) \(1\)<br/> 
d) \(4\)<br/> 
e) \(\displaystyle \frac{1}{2}\)<br/> ",b
q30_sp23_problem06__04,"4) Given that  \(\displaystyle \int_{0}^{1}\!f \left( x \right) \,{\rm d}x=1\), \(\displaystyle \int_{0}^{3}\!f \left( x \right) \,{\rm d}x=4\), and \(\displaystyle \int_{3}^{6}\!f \left( x \right) \,{\rm d}x=2\), find \(\displaystyle \int_{0}^{6}\!f \left( x \right) \,{\rm d}x\).<br/>
a) \(4\)<br/> 
b) \(6\)<br/> 
c) \(2\)<br/> 
d) \(1\)<br/> 
e) \(7\)<br/> ",b
q26_sp23_problem01__08,"8) Use the definition of \(\cosh(x)\) to rewrite the following expression, and then simplify. Write the answer without negative exponents.\[\cosh(4)\]<br/>
a) \(\displaystyle \frac{1}{2}\)<br/> 
b) \(\displaystyle \frac{{{\rm e}^{8}}-1}{2\,{{\rm e}^{4}}}\)<br/> 
c) \(\displaystyle \frac{{{\rm e}^{8}}+1}{2\,{{\rm e}^{4}}}\)<br/> 
d) \(\displaystyle \frac{{{\rm e}^{4}}+1}{2\,{{\rm e}^{4}}}\)<br/> 
e) \(\displaystyle \frac{{{\rm e}^{4}}-1}{2\,{{\rm e}^{4}}}\)<br/> ",c
q8_sp22_problem09__04,"4) Find the value of \(\displaystyle K\) so that the given function, \(f(x)\), is continuous at 2.<br/><br/>\(\displaystyle f \left( x \right) \) is a piecewise function defined in two pieces, as follows:<br/>\(f(x)=x^2\), when \(x &lt;2\),<br/>\(f(x)=Kx-4\), when \(x \geq 2\)<br/>
a) \(3\)<br/> 
b) \(4\)<br/> 
c) \(0\)<br/> 
d) \(2\)<br/> 
e) \(5\)<br/> ",b
q20_fa22_problem03__06,"6) Find the critical points of \(f(x)=3\,{x}^{2}-6\,x-12\) and classify all local extreme values.<br/>
a) <b>Critical Point:</b> \(-1\);   <b>Local Maximum:</b> \(f(-1) = -3\).<br/> 
b) <b>Critical Point:</b> \(1\);   <b>Local Minimum:</b> \(f(1) = -15\).<br/> 
c) <b>Critical Point:</b> \(-1\);   <b>Local Minimum:</b> \(f(-1) = -3\).<br/> 
d) No critical points, no extreme values.<br/> 
e) <b>Critical Point:</b> \(1\);   <b>Local Maximum:</b> \(f(1) = -15\).<br/> 
f) <b>Critical Point:</b> \(0\);   <b>Local Minimum:</b> \(f(0)=-12\).<br/> ",b
q3_sp22_problem03__02,"2) Give the vertical asymptote(s) for the graph of  \(\displaystyle f(x)=\frac{{x}^{2}+6x+8}{{x}^{2}-x-6}\).<br/>
a) \(\displaystyle x=-4\),  \(\displaystyle x=3\)<br/> 
b) \(\displaystyle x=3\),  \(\displaystyle x=-2\)<br/> 
c) \(\displaystyle x=-2\),  \(\displaystyle x=-4\),  \(\displaystyle x=3\)<br/> 
d) \(\displaystyle x=3\)<br/> 
e) \(\displaystyle x=2\),  \(\displaystyle x=-3\)<br/> 
f) \(\displaystyle x=-3\)<br/> 
g) None of the above.<br/>",d
q16_su22_problem08__04,"4) Suppose that the position of an object is defined by \( s(t)={t}^{2}-9\,t+7\). Find the average velocity of the object over the interval \( [-3,2]\).<br/>
a) \(-15\) <br/> 
b) \(-10\) <br/> 
c) \(\displaystyle \frac{43}{5}\) <br/> 
d) \(\displaystyle -\frac{7}{5}\) <br/> 
e) \(-5\) <br/> ",b
q29_sp23_problem06__04,"4) Calculate the limit:  \(\displaystyle \lim_{x\rightarrow 0}\frac{5\arctan(x)}{3\arctan(2x)}\).<br/>
a) \(1\)<br/> 
b) \(\displaystyle \frac{5}{6}\)<br/> 
c) \(\displaystyle \frac{5}{3}\)<br/> 
d) \(0\)<br/> 
e) \(\displaystyle -\frac{5}{6}\)<br/> ",b
q18_fa22_problem06__11,"11) Determine if the function \(\displaystyle f \left( x \right) ={x}^{2}+2\,x-15\) satisfies the Mean Value Theorem on the interval \(\left[-5, 2\right]\).   If so, find all numbers <i>c</i> on the interval that satisfy the theorem.<br/>
a) \(c=-3\)<br/> 
b) \(c=\displaystyle \frac{3}{2}\)<br/> 
c) The Mean Value Theorem does not apply to this function on the given interval.<br/> 
d) \(c=\displaystyle -\frac{3}{4}\)<br/> 
e) \(c=\displaystyle -\frac{3}{2}\)<br/> ",e
q30_sp23_problem10__04,"4) Given that  \(\displaystyle \int_{0}^{1}\!f \left( x \right) \,{\rm d}x=2\), \(\displaystyle \int_{0}^{4}\!f \left( x \right) \,{\rm d}x=1\), and \(\displaystyle \int_{0}^{5}\!f \left( x \right) \,{\rm d}x=5\). Find \(\displaystyle \int_{5}^{1}\!f \left( x \right) \,{\rm d}x\).<br/>
a) \(2\)<br/> 
b) \(3\)<br/> 
c) \(-7\)<br/> 
d) \(-2\)<br/> 
e) \(-4\)<br/> 
f) \(-3\)<br/> 
g) \(7\)<br/> 
h) \(4\)<br/> ",f
q14_sp22_problem03__11,"11) Find the equation of the tangent line to the curve at the point \(\left(-5,-1\right)\) given that \({x}^{2}+xy+2\,{y}^{2}=32.\)<br/>
a) \(y=\displaystyle \frac{9\,x}{11}\displaystyle -\frac{56}{11}\)<br/> 
b) \(y=\displaystyle \frac{11\,x}{9}+\displaystyle \frac{64}{9}\)<br/> 
c) \(y=\displaystyle -\frac{11\,x}{9}\displaystyle -\frac{64}{9}\)<br/> 
d) \(y=\displaystyle \frac{11\,x}{9}+5\)<br/> 
e) \(y=\displaystyle -\frac{9\,x}{11}+\displaystyle \frac{56}{11}\)<br/> ",c
q33_sp23_problem10__02,"2) The acceleration of an object is represented by  \(a(t)=6\,t-4\). Find the object's change in velocity from \(\displaystyle t=1\)  to  \(\displaystyle t=4\) seconds.<br/>
a) \(18\)<br/> 
b) \(3\)<br/> 
c) \(36\)<br/> 
d) \(33\)<br/> 
e) \(71\)<br/> 
f) \(57\)<br/> ",d
q12_sp22_problem14__02,"2) Find \(\displaystyle \frac{d}{dx}\left(\frac{3x}{x^2+5}\right)\).<br/>
a) \(\displaystyle \frac{3}{2x+5}\)<br/> 
b) \(\displaystyle \frac{15-3x^2}{\left(x^2+5\right)^2}\)<br/> 
c) \(\displaystyle \frac{15+6x}{\left(x^2+5\right)^2}\)<br/> 
d) \(\displaystyle \frac{15+3x^2}{\left(x^2+5\right)^2}\)<br/> 
e) None of the above.<br/> ",b
q33_sp23_problem06__01,"1) Which of the following expressions represents the definite integral  \(\displaystyle \int_{-6}^{4}\,|{x}^{2}+3\,x-10|\,dx\)? (Do not evaluate the integral; simply choose the correct setup for the problem.)<br/>
a) \(\displaystyle \int_{-6}^{0}\,\left({x}^{2}+3\,x-10\right)\,dx+\int_{0}^{4}\,\left(-{x}^{2}-3\,x+10\right)\,dx\)<br/> 
b) \(\displaystyle \int_{-6}^{-5}\,\left(-{x}^{2}-3\,x+10\right)\,dx+\int_{-5}^{2}\,\left({x}^{2}+3\,x-10\right)\,dx+\int_{2}^{4}\,\left(-{x}^{2}-3\,x+10\right)\,dx\)<br/> 
c) \(\displaystyle \int_{-6}^{-5}\,\left({x}^{2}+3\,x-10\right)\,dx+\int_{-5}^{2}\,\left(-{x}^{2}-3\,x+10\right)\,dx+\int_{2}^{4}\,\left({x}^{2}+3\,x-10\right)\,dx\)<br/> 
d) \(\displaystyle \int_{-6}^{4}\,\left(-{x}^{2}-3\,x+10\right)\,dx\)<br/> 
e) \(\displaystyle \int_{-6}^{0}\,\left(-{x}^{2}-3\,x+10\right)\,dx+\int_{0}^{4}\,\left({x}^{2}+3\,x-10\right)\,dx\)<br/> 
f) \(\displaystyle \int_{-6}^{4}\,\left({x}^{2}+3\,x-10\right)\,dx\)<br/> ",c
q6_sp22_problem02__04,"4) Given  \(\displaystyle \lim_{x\rightarrow c} f(x) = 4\),   \(\displaystyle \lim_{x\rightarrow c} g(x) =0\),   and   \(\displaystyle \lim_{x\rightarrow c} h(x) = -3\),  evaluate the following limit, if it exists:<center><br/>\(\displaystyle  \lim_{x\rightarrow c} \frac{\left[f(x)\right]^2-2\, h(x)-g(x)}{h(x)+6}\)</center>
a) \(\displaystyle \frac{11}{3}\)<br/> 
b) \(\displaystyle -\frac{22}{3}\)<br/> 
c) Does not exist<br/> 
d) \(\displaystyle \frac{22}{3}\)<br/> 
e) \(\displaystyle \frac{14}{3}\)<br/> 
f) \(0\)<br/> ",d
q12_sp22_problem02__01,"1) Find \(\displaystyle \frac{d}{dx}\left(\frac{f(x)}{g(x)}\right)\).<br/>
a) \(\displaystyle \frac{f^\prime(x)g(x)+f(x)g^\prime(x)}{(g(x))^2}\)<br/> 
b) \(\displaystyle \frac{f^\prime(x)g(x)-f(x)g^\prime(x)}{g(x)}\)<br/> 
c) \(\displaystyle \frac{f(x)g^\prime(x)-f^\prime(x)g(x)}{(g(x))^2}\)<br/> 
d) \(\displaystyle \frac{f^\prime(x)g(x)-f(x)g^\prime(x)}{(g(x))^2}\)<br/> 
e) None of the above.<br/> ",d
q17_su22_problem04__11,"11) An object projected vertically upward from ground level returns to earth in 22 seconds. Find the initial velocity in feet per second.<br/>
a) \(348\)<br/> 
b) \(362\)<br/> 
c) \(358\)<br/> 
d) \(352\)<br/> 
e) \(368\)<br/> ",d
q25_sp23_problem01__04,"4) Determine the exact value:  \(\arcsin\left(\displaystyle \frac{\sqrt{3}}{2}\right)\)<br/>
a) \(0\)<br/> 
b) \(\displaystyle \frac{\pi}{3}\)<br/> 
c) \(\displaystyle \pi\)<br/> 
d) \(\displaystyle -\frac{\pi}{3}\)<br/> 
e) \(\displaystyle \frac{4\pi}{3}\)<br/> ",b
q32_sp23_problem10__01,"1) Find  \(\displaystyle \int \frac{-9}{|x|\sqrt{x^2-1}} dx\).<br/>
a) \(-18x\cdot\ln |1+x^2| + C \)<br/> 
b) \(-9\ln |1+x^2| + C \)<br/> 
c) \(\displaystyle -9\text{arc}\sec(x)+C \)<br/> 
d) \(\displaystyle -9\arctan(x)+C \)<br/> 
e) \(\displaystyle -9\arcsin(x)+C \)<br/> 
f) \(\displaystyle \frac{27x}{3x+x^3}+C\)<br/> ",c
q1_sp22_problem03__04,"4) Find the domain of the following function:  \(\displaystyle f(x)=\frac{\sqrt {x+6}}{x-8}\)<br/>
a) \(\left( -\infty, \infty \right) \)<br/> 
b) \(\left( -\infty,8\right) \cup \left(8, \infty \right) \)<br/> 
c) \(\left(-6, 8\right) \cup \left(8, \infty \right) \)<br/> 
d) \(\left[-6, 8\right) \cup \left(8, \infty \right) \)<br/> 
e) \(\left[-6, \infty \right) \)<br/> 
f) None of the above.<br/>",d
q8_sp22_problem05__02,"2) Determine if the following function,  \(\displaystyle f\) , is continuous at the point where  \(\displaystyle x=5\).<br/><br/>\(\displaystyle f \left( x \right) \) is a piecewise function defined in two pieces, as follows:<br/>\(\displaystyle f \left( x \right) =4\,{x}^{2}+25\), when \(x &lt; 5\),<br/>\(\displaystyle f \left( x \right) ={x}^{3}\), when \(x \geq 5\)<br/>
a) The function has a jump discontinuity at \(\displaystyle x=5\).<br/> 
b) The function is continuous at \(\displaystyle x=5\).<br/> 
c) The function has a removable discontinuity at \(\displaystyle x=5\).<br/> 
d) The function has an infinite discontinuity at \(\displaystyle x=5\).<br/> ",b
q15_sp22_problem03__02,"2) Find the rate of change of the surface area of a sphere with respect to the radius \(r\).  What is the rate when \( r = 2\)?<br/>
a) \(\displaystyle\frac{dV}{dr} = 8\pi r^2\);  \( \text{ rate }= 32\pi\)<br/> 
b) \(\displaystyle\frac{dV}{dr} = 8\pi r\);  \( \text{ rate }= 16\pi\)<br/> 
c) \(\displaystyle\frac{dV}{dr} = 4\pi r^2\);  \( \text{ rate }= 16\pi\)<br/> 
d) \(\displaystyle\frac{dV}{dr} = 2\pi r\);  \( \text{ rate }= 4\pi\)<br/> 
e) \(\displaystyle\frac{dV}{dr} = 4\pi r\);  \( \text{ rate }= 8\pi\)<br/> ",b
q34_sp23_problem07__11,"11) Evaluate:  \(\displaystyle \int\sin^3(x)\cos(x)\,dx\)<br/>
a) \(\displaystyle \displaystyle -\frac{1}{4}\cos^{4}(x)+C\)<br/> 
b) \(\displaystyle \displaystyle -\frac{1}{3}\cos^{4}(x)+C\)<br/> 
c) \(\displaystyle \displaystyle -\frac{1}{4}\sin^{4}(x)+C\)<br/> 
d) \(\displaystyle \displaystyle \frac{1}{4}\sin^{4}(x)+C\)<br/> 
e) \(\displaystyle \displaystyle \frac{1}{3}\sin^{4}(x)+C\)<br/> ",d
q8_sp22_problem13__04,"4) Is the function  \(f(x)=-4\cos(x)+5\)  a bounded function?<br/>
a) Yes<br/> 
b) No<br/> ",a
q24_sp23_problem01__02,"2) Differentiate \(\displaystyle f(x)=-9\,\ln  \left( x \right) \).<br/>
a) \(f'(x) = 9\,\ln  \left( x \right) \)<br/> 
b) \(f'(x) = \displaystyle -\frac{9}{x}\)<br/> 
c) \(f'(x) = \displaystyle \frac{9}{x}\)<br/> 
d) \(f'(x) = \displaystyle -\frac{9\,\ln  \left( x \right) }{x}\)<br/> 
e) \(f'(x) = -9\,\ln  \left( x \right) \)<br/> ",b
q16_su22_problem04__04,"4) An object moves along a coordinate line, its position at each time \(t\ge 0\)  is given by \(x(t) = -5\,{t}^{3}+4\,{t}^{2}+7\,t-6\). Find the velocity at time \(t = 3\).<br/>
a) \(-84\)<br/> 
b) \(0\)<br/> 
c) \(-485\)<br/> 
d) \(-152\)<br/> 
e) \(-104\)<br/> 
f) \(104\)<br/> ",e
q34_sp23_problem11__11,"11) Evaluate:  \(\displaystyle \int\displaystyle \frac{{e}^{x}}{\sqrt {1-49\,{e}^{2\,x}}}\,dx\)<br/>
a) \(\displaystyle \displaystyle \frac{1}{7}\arctan\left(7e^x\right)+C\)<br/> 
b) \(\displaystyle 7\arcsin\left(7e^x\right)+C\)<br/> 
c) \(\displaystyle 7\arctan\left(7e^x\right)+C\)<br/> 
d) \(\displaystyle \displaystyle \frac{1}{7}\arcsin\left(7e^x\right)+C\)<br/> 
e) \(\displaystyle \displaystyle \frac{1}{14}\arcsin\left(7e^x\right)+C\)<br/> ",d
q13_sp22_problem02__02,"2) The functions \(f\) and \(g\) are differentiable and \(\displaystyle h(x)=\frac{f(x)}{g(x)}\). Use the information below to find \(h'(0)\).<br/>\(f(0)=-6\)<br/>\(f'(0) = 5\)<br/>\(f(2)=-3\)<br/>\(f'(2) = 4\)<br/>\(g(0)=2\)<br/>\(g'(0) = -2\)<br/>\(g(-3)=3\)<br/>\(g'(-3) = -5\)<br/>
a) \(0\)<br/> 
b) \(\displaystyle -\frac{1}{2}\)<br/> 
c) \(22\)<br/> 
d) \(-2\)<br/> 
e) \(\displaystyle -\frac{5}{2}\)<br/> ",b
q32_sp23_problem06__04,"4) Find  \(\displaystyle \int \frac{7}{x} dx\).<br/>
a) \(\displaystyle \frac{7x^2}{2}+C \)<br/> 
b) \(\displaystyle \frac{14}{x^2}+C \)<br/> 
c) \(7x+C \)<br/> 
d) \(\displaystyle -\frac{7}{x^2}+C \)<br/> 
e) \(7+C \)<br/> 
f) \(\displaystyle 7\ln |x|+C \)<br/> ",f
q29_sp23_problem01__04,"4) Calculate the limit:  \(\displaystyle \lim_{x\rightarrow 3}\frac{x-3}{x^4-81}\).<br/>
a) \(0\)<br/> 
b) \(\displaystyle \frac{1}{108}\)<br/> 
c) \(1\)<br/> 
d) \(\displaystyle -\frac{1}{108}\)<br/> 
e) \(-1\)<br/> ",b
q26_sp23_problem10__04,"4) Differentiate the following:  \(f(x)=\displaystyle \arctan \left( \sinh \left( 2\,x \right)  \right) \)<br/>
a) \(\displaystyle f'(x)=\frac{1}{\cosh \left( 2\,x \right) }\)<br/> 
b) \(\displaystyle f'(x)=\frac{2}{\cosh \left( 2\,x \right) }\)<br/> 
c) \(\displaystyle f'(x)=\frac{2\,\sinh \left( 2\,x \right) }{1+ \left( \cosh \left( 2\,x \right)  \right) ^{2}}\)<br/> 
d) \(\displaystyle f'(x)=\frac{-\cosh \left( 2\,x \right) }{ \left( \sinh \left( 2\,x \right)  \right) ^{2}-1}\)<br/> 
e) \(\displaystyle f'(x)=\frac{-2}{\cosh \left( 2\,x \right) }\)<br/> ",b
q3_sp22_problem04__04,"4) Give the horizontal asymptote(s) for the graph of  \(\displaystyle f(x)=\frac{(x+9)(x-7)}{-3{x}^{3}+5{x}^{2}+8x-2}\).<br/>
a) There are no horizontal asymptotes<br/> 
b) \(\displaystyle y=0\)<br/> 
c) \(\displaystyle y=\displaystyle -\frac{1}{3}\)<br/> 
d) \(\displaystyle y=1\)<br/> 
e) \(\displaystyle y=-9\),  \(\displaystyle y=7\)<br/> 
f) None of the above.<br/>",b
q20_fa22_problem04__06,"6) Find the critical points of \(f(x)=-2\,{x}^{4}+36\,{x}^{2}+1\) and classify all local extreme values.<br/>
a) <b>Critical Points:</b> \(0\), \(-3\), and \(3\);   <b>Local Minima:</b> \(f(-3)\) and \(f(3)\);   <b>Local Maximum:</b> \(f(0)\).<br/> 
b) <b>Critical Points:</b> \(0\), \(-3\), and \(3\);   <b>Local Maxima:</b> \(f(-3)\) and \(f(3)\);   <b>Local Minimum:</b> \(f(0)\).<br/> 
c) No critical points, no extreme values.<br/> 
d) <b>Critical Points:</b> \(-3\) and \(3\);   <b>Local Maximum:</b> \(f(3)\);   <b>Local Minimum:</b> \(f(-3)\).<br/> 
e) <b>Critical Points:</b> \(-3\) and \(3\);   <b>Local Maximum:</b> \(f(-3)\);   <b>Local Minimum:</b> \(f(3)\).<br/> 
f) <b>Critical Point:</b> 0;   <b>Local Minimum:</b> \(f(0)\).<br/> ",b
q1_sp22_problem08__02,"2) Find the inverse of the given function, if possible:  \( f(x) = \sqrt{6-3x}\) <br/>
a) \(\displaystyle f^{-1}(x)=\frac{1}{\sqrt{6-3x}}\)<br/> 
b) \(\displaystyle f^{-1}(x)=\frac{-{x}^{2}+6}{3}\)<br/> 
c) \(\displaystyle f^{-1}(x)=\frac{{x}^{2}-6}{3}\)<br/> 
d) \( f(x) \) does not have an inverse.<br/> 
e) \(f^{-1}(x)=9\,{x}^{2}-36\,x+36\)<br/> 
f) None of the above.<br/>",b
q15_sp22_problem08__04,"4) A heap of rubbish in the shape of a cube is being compacted into a smaller cube.  Given that the volume decreases at a rate of 2 cubic meters per minute, find the rate of change of an edge, in meters per minute, of the cube when the volume is exactly 8 cubic meters.<br/>
a) \(-6\)<br> 
b) \(\displaystyle -\frac{1}{6}\)<br/> 
c) \(-12\)<br/> 
d) \(\displaystyle \frac{1}{2}\)<br/> 
e) \(2\)<br/> ",b
q26_sp23_problem06__04,"4) Differentiate the following function  \(f(x)=\sqrt {\cosh \left( 2\,x \right) }\).<br/>
a) \(\displaystyle f'(x)=\frac{\sinh \left( 2\,x \right) }{2\,\sqrt {\cosh \left( 2\,x \right) }}\)<br/> 
b) \(\displaystyle f'(x)=\frac{\sinh \left( 2\,x \right) }{\sqrt {\cosh \left( 2\,x \right) }}\)<br/> 
c) \(\displaystyle f'(x)=\frac{2}{\sqrt {\cosh \left( 2\,x \right) }}\)<br/> 
d) \(\displaystyle f'(x)=\frac{-2}{\sqrt {\cosh \left( 2\,x \right) }}\)<br/> 
e) \(\displaystyle f'(x)=\frac{-\sinh \left( 2\,x \right) }{\sqrt {\cosh \left( 2\,x \right) }}\)<br/> ",b
q20_fa22_problem12__11,"11) Suppose that \(c= 2\) is a critical point for \(f(x)\) and that \(f^{\prime}(x)=-{x}^{3}-2\,{x}^{2}+4\,x+8\). Determine if \(f(c)\) is a local maximum, local minimum or neither.<br/>
a) Neither<br/> 
b) Local minimum<br/> 
c) Local maximum<br/> ",c
q30_sp23_problem01__09,"9) Use the upper sum method to approximate the area under the curve for the function  \(f(x)={x}^{2}\displaystyle \) over the interval \(x \in [-1,1]\) with respect to the partition \(P=\left[-1,\displaystyle -\frac{3}{4},\displaystyle \frac{1}{4},\displaystyle \frac{3}{4},1\right]\).<br/>
a) \(\displaystyle \frac{21}{32}\)<br/> 
b) \(\displaystyle \frac{5}{16}\)<br/> 
c) \(1\)<br/> 
d) \(\displaystyle \frac{43}{32}\)<br/> 
e) \(\displaystyle \frac{53}{64}\)<br/> ",d
q11_sp22_problem05__21,"21) For \(\displaystyle g(x)=\frac{1}{5\,{x}^{2}+3\,x}\), find \(g'(1).\)<br/>
a) \(\displaystyle -\frac{1}{64}\)<br/> 
b) \(\displaystyle \frac{13}{64}\)<br/> 
c) \(\displaystyle \frac{64}{13}\)<br/> 
d) \(\displaystyle -\frac{13}{64}\)<br/> 
e) \(\displaystyle \frac{1}{64}\)<br/> ",d
q27_sp23_problem10__04,"4) An open-top box is made from a 4 inch by 4 inch piece of sheet metal by cutting squares of side length <i>x</i> from each of the corners and folding up the sides. Find the value of <i>x</i> that yields a box with maximum volume. All answers are given in inches.<br/>
a) \(\displaystyle \frac{5}{9}\)<br/> 
b) \(\displaystyle \frac{8}{15}\)<br/> 
c) \(\displaystyle \frac{4}{3}\)<br/> 
d) \(\displaystyle \frac{8}{9}\)<br/> 
e) \(2\)<br/> 
f) \(\displaystyle \frac{2}{3}\)<br/> ",f
q21_fa22_problem04__06,"6) Describe the concavity of the graph of  \(f(x)=-3\, \left( x-1 \right) ^{5/3}\)  and find the points of inflection (if any).<br/>
a) concave up on \(\left(-\infty, 1\right)\); concave down on \(\left(1,\infty\right)\); pt of inflection \(\left(1,0\right)\).<br/> 
b) concave up on \(\left(-\infty,\infty\right)\); no points of inflection<br/> 
c) concave down on \(\left(-\infty,-1\right)\); concave up on \(\left(-1,\infty\right)\); pt of inflection \(\left(-1,0\right)\).<br/> 
d) concave down on \(\left(-\infty,0\right)\)); concave up on \(\left(0,\infty\right)\); pt of inflection \((0,0\).<br/> 
e) concave down on \(\left(-\infty,\infty\right)\); no points of inflection<br/> ",a
q2_sp22_problem04__02,"2) Find the linear function  \(\displaystyle f \left( x \right) \)  which satisfies  \(\displaystyle f \left( -4 \right) =-2\)  and has a graph that is perpendicular to the line  \(\displaystyle -35x+5y=3\) .<br/>
a) \(\displaystyle f(x)=\displaystyle \frac{1}{7}x\displaystyle -\frac{18}{7}\)<br/> 
b) \(\displaystyle f(x)=\displaystyle -\frac{1}{7}x\displaystyle -\frac{18}{7}\)<br/> 
c) \(\displaystyle f(x)=\displaystyle -\frac{1}{7}x-2\)<br/> 
d) \(\displaystyle f(x)=-7x-30\)<br/> 
e) \(\displaystyle f(x)=7x-30\)<br/> 
f) None of the above.<br/>",b
q28_sp23_problem01__08,"8) Use differentials to estimate the value of  \(\displaystyle \sqrt{24.5}\).<br/>
a) \(\displaystyle \frac{89}{20}\)<br/> 
b) \(\displaystyle \frac{99}{20}\)<br/> 
c) \(\displaystyle \frac{101}{20}\)<br/> 
d) \(\displaystyle \frac{21}{4}\)<br/> 
e) \(\displaystyle \frac{19}{4}\)<br/> 
f) \(\displaystyle \frac{109}{20}\)<br/> ",b
q19_fa22_problem01__04,"4) Find the intervals on which \(f(x)={x}^{3}-75\,x+7\)  increases.<br/>
a) \(\left(-\infty,-5\right)\), \(\left(0,5\right)\)<br/> 
b) \(\left(-\infty,-5\right)\), \(\left(5,\infty\right)\)<br/> 
c) \(\left(-5,5\right)\)<br/> 
d) \(\left(-\infty,\infty\right)\)<br/> 
e) \(\left(5,\infty\right)\)<br/> ",b
q6_sp22_problem09__21,"21) Evaluate the following limit, if it exists:  \(\displaystyle  \lim_{x\rightarrow \infty} \displaystyle \frac{4\,x-3}{5\,{x}^{2}+2\,x-6}\)<br/>
a) \(\displaystyle \frac{1}{5}\)<br/> 
b) \(\displaystyle \frac{1}{2}\)<br/> 
c) \(0\)<br/> 
d) Does not exist<br/> 
e) \(\displaystyle \frac{4}{5}\)<br/> ",c
q12_sp22_problem09__02,"2) Find \(\displaystyle \frac{d}{dx}\left(\frac{-9}{x}\right)\).<br/>
a) \(\displaystyle \frac{9}{x^2}\)<br/> 
b) \(\displaystyle \frac{-9}{x^2}\)<br/> 
c) \(\displaystyle \frac{9}{2x}\)<br/> 
d) \(\displaystyle \frac{-9}{2x}\)<br/> 
e) None of the above.<br/> ",a
q10_sp22_problem05__21,"21) Find the derivative of  \(f(x)=7\,{x}^{2}+5\,x+4\).<br/>
a) \(f'(x)=2\,x-5\)<br/> 
b) \(f'(x)=14\,x+9\)<br/> 
c) \(f'(x)=14\,x+5\)<br/> 
d) \(f'(x)=7\,x+5\)<br/> 
e) \(f'(x)=14\,x+5+\displaystyle \frac{4}{x}\)<br/> ",c
q31_sp23_problem01__04,"4) Given that  \( \text{capital } F(x)=\displaystyle \int\limits^{x}_{-2}3\,{t}^{2}\,dt\),  find \(\text{capital } F'(x)\).<br/>
a) \(\displaystyle 12\)<br/> 
b) \(\displaystyle {x}^{3}\)<br/> 
c) \(\displaystyle -8\)<br/> 
d) \(\displaystyle 6\,x\)<br/> 
e) \(\displaystyle -12\)<br/> 
f) \(\displaystyle 3\,{x}^{2}\)<br/> ",f
q27_sp23_problem06__02,"2) Find the coordinates of the point(s) on the curve  \(3y=18-x^2\)  that are closest to the origin.<br/>
a) \(\left(\displaystyle \frac{3\sqrt{6}}{2},\displaystyle \frac{3}{2}\right)\)<br/> 
b) \(\left(0,6\right),\left(\displaystyle \frac{3\sqrt{6}}{2},\displaystyle \frac{3}{2}\right)\text{ and }\left(\displaystyle -\frac{3\sqrt{6}}{2},\displaystyle \frac{3}{2}\right)\)<br/> 
c) \(\left(\displaystyle -\frac{3\sqrt{6}}{2},\displaystyle \frac{3}{2}\right)\)<br/> 
d) \(\left(1,\displaystyle \frac{17}{3}\right)\)<br/> 
e) \(\left(\displaystyle \frac{3\sqrt{6}}{2},\displaystyle \frac{3}{2}\right)\text{ and }\left(\displaystyle -\frac{3\sqrt{6}}{2},\displaystyle \frac{3}{2}\right)\)<br/> ",e
q21_fa22_problem12__11,"11) Find \(c\) so that the graph of  \(f(x)=cx^2+4x^{-1}\)  has a point of inflection at \(\left(1, f(1)\right)\).<br/>
a) \(c=-2\)<br/> 
b) \(c=4\)<br/> 
c) \(c=-4\)<br/> 
d) \(c=0\)<br/> 
e) \(c=2\)<br/> ",c
q32_sp23_problem01__04,"4) Find  \(\displaystyle \int \left(3\,{x}^{7}+10\right) dx\).<br/>
a) \(\displaystyle \displaystyle \frac{3\,{x}^{8}}{8}+5\,{x}^{2}\)<br/> 
b) \(\displaystyle 21\,{x}^{6}+10x+C\)<br/> 
c) \(\displaystyle \displaystyle \frac{3\,{x}^{8}}{8}+10+C\)<br/> 
d) \(\displaystyle 21\,{x}^{6}+C\)<br/> 
e) \(\displaystyle \displaystyle \frac{7\,{x}^{6}}{2}+C\)<br/> 
f) \(\displaystyle \displaystyle \frac{3\,{x}^{8}}{8}+10x+C\)<br/> ",f
q22_sp23_problem11__06,"6) Suppose that  \(f(x)=7x+4\cos(x)\,\) is differentiable and has an inverse  and \(f\left(\displaystyle \frac{\pi}{2}\right)=\displaystyle \frac{7\pi}{2}\).  Find \(\left(f^{-1}\right)^{\prime}\left(\displaystyle \frac{7\pi}{2}\right)\).<br/>
a) \(\displaystyle \frac{1}{3}\)<br/> 
b) \(\displaystyle \frac{1}{6}\)<br/> 
c) \(\displaystyle \frac{2}{3}\)<br/> 
d) \(\displaystyle -\frac{1}{3}\)<br/> 
e) \(\displaystyle -\frac{2}{3}\)<br/> ",a
q13_sp22_problem05__04,"4) Differentiate the function: \(f(x) =\left(2\,{x}^{2}-3\right)^3\)<br/>
a) \(f^{\prime}(x)=4x\left(2\,{x}^{2}-3\right)^2\)<br/> 
b) \(f^{\prime}(x)=12\left(2\,{x}^{2}-3\right)^2\)<br/> 
c) \(f^{\prime}(x)=3\left(2\,{x}^{2}-3\right)^2\)<br/> 
d) \(f^{\prime}(x)=12x\left(2\,{x}^{2}-3\right)^2\)<br/> 
e) \(f^{\prime}(x)=3x\left(4\,x\right)^2\)<br/> ",d
q16_su22_problem03__04,"4) An object moves along a coordinate line, its position at each time \(t\ge 0\)  is given by \(x(t) = 2\,{t}^{3}+4\,{t}^{2}+3\,t-7\). Find the acceleration at time \(t = 5\).<br/>
a) \(17\)<br/> 
b) \(-193\)<br/> 
c) \(113\)<br/> 
d) \(683\)<br/> 
e) \(68\)<br/> 
f) \(193\)<br/> ",e
q3_sp22_problem08__01,"1) Does the function  \(\displaystyle f(x)=\frac{-5{x}^{5}+3{x}^{2}+5}{-2{x}^{3}-2x-7}\)  have a horizontal asymptote, a slant (oblique) asymptote, or neither?<br/>
a) Slant<br/> 
b) Horizontal<br/> 
c) Neither<br/> ",c
q8_sp22_problem14__04,"4) Is the function  \(\displaystyle f(x)=\frac{-4}{x-5}\)  a bounded function?<br/>
a) No<br/> 
b) Yes<br/> ",a
q24_sp23_problem06__04,"4) Differentiate \(\displaystyle f(x)={{\rm e}^{3\,x}}\ln  \left( 7\,x \right) \).<br/>
a) \(\displaystyle f'(x) = {{\rm e}^{3\,x}}\ln  \left( x \right) +3\,{{\rm e}^{x}}\)<br/> 
b) \(\displaystyle f'(x) = 3\,{{\rm e}^{3\,x}}\ln  \left( 7\,x \right) +{\frac {{{\rm e}^{3\,x}}}{x}}\)<br/> 
c) \(\displaystyle f'(x) = 3\,{{\rm e}^{3\,x}}\ln  \left( 7\,x \right) -{\frac {{{\rm e}^{3\,x}}}{x}}\)<br/> 
d) \(\displaystyle f'(x) = \ln  \left( 7\,x \right) +{\frac {{{\rm e}^{3\,x}}}{x}}\)<br/> 
e) \(\displaystyle f'(x) = {{\rm e}^{3\,x}}\ln  \left( 7\,x \right) -{\frac {{{\rm e}^{x}}}{x}}\)<br/> ",b
q8_sp22_problem02__04,"4) Find the interval(s) of continuity for the following function:  \(\displaystyle f(x)=\frac{x-4}{x-8}\)<br/>
a) \(\left(4, \infty \right) \)<br/> 
b) \(\left( -\infty,4\right) \cup \left(4, 8\right) \cup \left(8, \infty \right) \)<br/> 
c) \(\left( -\infty,4\right) \cup \left(4, \infty \right) \)<br/> 
d) \(\left( -\infty,8\right) \cup \left(8, \infty \right) \)<br/> 
e) \(\left( -\infty, \infty \right) \)<br/> 
f) None of the above.<br/>",d
q1_sp22_problem04__04,"4) Find the domain of the following function:  \( f(x)=\displaystyle \frac{x-8}{{x}^{2}-16}\)<br/>
a) \( \left(-4, 4\right) \)<br/> 
b) \(\left( -\infty,-4\right) \cup \left(4, \infty \right) \)<br/> 
c) \(\left( -\infty,16\right) \cup \left(16, \infty \right) \)<br/> 
d) \(\left( -\infty,-4\right) \cup \left(-4, 4\right) \cup \left(4, \infty \right) \)<br/> 
e) \(\left( -\infty,-4\right) \cup \left(-4, 4\right) \cup \left(4, 8\right)\cup \left(8, \infty \right) \)<br/> 
f) \(\left( -\infty, \infty \right) \)<br/> 
g) None of the above.<br/>",d
q15_sp22_problem04__01,"1) The area of a sector in a circle is given by the formula  \(A=\displaystyle\frac{1}{2}r^2\theta\), where  \(r\)  is the radius and \(\theta\) is the central angle measured in radians.  Find the rate of change of \(\displaystyle A\) with respect to \(\displaystyle r\) if \( \theta \) remains constant.  What is the rate when \(r=6\)?<br/>
a) Not possible.<br/> 
b) \(\displaystyle\frac{dA}{dr}=2r\theta \);  \( \text{rate}=12\theta\)<br/> 
c) \(\displaystyle\frac{dA}{dr}=r\theta \);  \( \text{rate}=6\theta\)<br/> 
d) \(\displaystyle\frac{dA}{dr}=r \);  \( \text{rate}=6\)<br/> 
e) \(\displaystyle\frac{dA}{dr}=r^2\theta \);  \( \text{rate}=36\theta\)<br/> ",c
q24_sp23_problem10__02,"2) Calculate the derivative by logarithmic differentiation:  \(g(x)= \left( {x}^{2}+1 \right) ^{2} \left( x-1 \right) ^{5}{x}^{4}\).<br/>
a) \(\displaystyle g^{\prime}(x) =  \left( {x}^{2}+1 \right) ^{2} \left( x-1 \right) ^{5}{x}^{4}\left(\displaystyle \frac{2\,x}{{x}^{2}+1}+\displaystyle \frac{1}{x-1}+\displaystyle \frac{4}{x}\right)\)<br/> 
b) \(\displaystyle g^{\prime}(x) =  \left( {x}^{2}+1 \right) ^{2} \left( x-1 \right) ^{5}{x}^{4}\left(\displaystyle \frac{4\,x}{{x}^{2}+1}+\displaystyle \frac{5}{x-1}+\displaystyle \frac{4}{x}\right)\)<br/> 
c) \(\displaystyle g^{\prime}(x) =  \left( {x}^{2}+1 \right) ^{2} \left( x-1 \right) ^{5}{x}^{4}\left(\displaystyle \frac{4\,x}{{x}^{2}+1}-\displaystyle \frac{5}{x-1}-\displaystyle \frac{4}{x}\right)\)<br/> 
d) \(\displaystyle g^{\prime}(x) = \displaystyle \frac{4\,x}{{x}^{2}+1}-\displaystyle \frac{5}{x-1}-\displaystyle \frac{4}{x}\)<br/> 
e) \(\displaystyle g^{\prime}(x) = \displaystyle \frac{4\,x}{{x}^{2}+1}+\displaystyle \frac{5}{x-1}+\displaystyle \frac{4}{x}\)<br/> ",b
q11_sp22_problem09__04,"4) Find \(\displaystyle\frac{dy}{dx}\) at \(x = 0\), given that \(\displaystyle y = \frac{1}{-3+u^2}\) and \(u= 2x+1.\)<br/>
a) \(\displaystyle\frac{dy}{dx} = -1\)<br/> 
b) \(\displaystyle\frac{dy}{dx} = -2\)<br/> 
c) \(\displaystyle\frac{dy}{dx} = 1\)<br/> 
d) \(\displaystyle\frac{dy}{dx} = 2\)<br/> 
e) \(\displaystyle\frac{dy}{dx} = -3\)<br/> ",a
q5_sp22_problem09__11,"11) Evaluate the limit:  \(\displaystyle \lim_{x\rightarrow5}\left(\frac{5\,{x}^{2}-125}{{x}^{2}-10\,x+25}\right)\).<br/>
a) \(1\)<br/> 
b) \(50\)<br/> 
c) Does not exist<br/> 
d) \(5\)<br/> 
e) \(0\)<br/> ",c
q25_sp23_problem06__04,"4) Differentiate the following:  \(f(x)=\displaystyle \arcsin\left(\sqrt{2-7x^2}\right)\)<br/>
a) \(\displaystyle f'(x)=\frac{7\,x}{\sqrt { \left( 7\,{x}^{2}-1 \right)  \left( 2-7\,{x}^{2} \right) }}\)<br/> 
b) \(\displaystyle f'(x)=\frac{-7\,x}{\sqrt { \left( 7\,{x}^{2}-1 \right)  \left( 2-7\,{x}^{2} \right) }}\)<br/> 
c) \(\displaystyle f'(x)=\frac{-x}{\sqrt { \left( 7\,{x}^{2}-1 \right)  \left( 2-7\,{x}^{2} \right) }}\)<br/> 
d) \(\displaystyle f'(x)=\frac{-7\,x}{\sqrt {2-7\,{x}^{2}}}\)<br/> 
e) \(\displaystyle f'(x)=\frac{x}{\sqrt { \left( 7\,{x}^{2}-1 \right)  \left( 2-7\,{x}^{2} \right) }}\)<br/> ",b
q2_sp22_problem08__02,"2) Find the vertex of the following quadratic function:  \(\displaystyle f(x)=9{x}^{2}+72x-9\)<br/>
a) \(\left(4,-153\right)\)<br/> 
b) \(\left(-4,-153\right)\)<br/> 
c) \(\left(-4,135\right)\)<br/> 
d) \(\left(9,-7\right)\)<br/> 
e) \(\left(-4,-72\right)\)<br/> 
f) None of the above.<br/>",b
q17_su22_problem03__11,"11) An object is dropped and hits the ground 4.5 second(s) later. From what height, in feet, was it dropped?<br/>
a) \(340\)<br/> 
b) \(334\)<br/> 
c) \(330\)<br/> 
d) \(324\)<br/> 
e) \(320\)<br/> ",d
q6_sp22_problem05__01,"1) Evaluate the following limit, if it exists:  \(\displaystyle  \lim_{h\rightarrow 0} \left[ h \left(6+\frac{2}{h^2}\right) \right]\)<br/>
a) \(0\)<br/> 
b) \(6\)<br/> 
c) Does not exist<br/> 
d) \(2\)<br/> 
e) \(8\)<br/> ",c
q12_sp22_problem05__02,"2) Find \(\displaystyle \frac{d}{dx}\left(\cos(x)\right)\).<br/>
a) \(\displaystyle \sin(x)\)<br/> 
b) \(\displaystyle -\sin(x)\)<br/> 
c) \(\displaystyle -\csc(x)\)<br/> 
d) \(\displaystyle \csc(x)\)<br/> 
e) None of the above.<br/> ",b
q33_sp23_problem01__04,"4) Evaluate the definite integral:  \(\displaystyle \int_{1}^{4}\! \left( {x}^{2}+9\,x \right) \,{\rm d}x\)<br/>
a) \(75\)<br/>
b) \(\displaystyle \frac{177}{2}\)<br/>
c) \(42\)<br/>
d) \(21\)<br/>
e) \(\displaystyle \frac{525}{4}\)<br/>",b
q23_sp23_problem07__04,"4) Differentiate \(\displaystyle f(x)=\cos \left( 5\,{{\rm e}^{3\,x}} \right) \).<br/>
a) \(f'(x) = 15\,{{\rm e}^{3\,x}}\cos \left( 5\,{{\rm e}^{3\,x}} \right) \sin \left( 5\,{{\rm e}^{3\,x}} \right) \)<br/> 
b) \(f'(x) = -15\,{{\rm e}^{3\,x}}\sin \left( 5\,{{\rm e}^{3\,x}} \right) \)<br/> 
c) \(f'(x) = 15\,{{\rm e}^{3\,x}}\sin \left( 5\,{{\rm e}^{3\,x}} \right) \)<br/> 
d) \(f'(x) = -5\,{{\rm e}^{3\,x}}\sin \left( 5\,{{\rm e}^{3\,x}} \right) \)<br/> 
e) \(f'(x) = -15\,{{\rm e}^{3\,x}}\cos \left( 5\,{{\rm e}^{3\,x}} \right) \sin \left( 5\,{{\rm e}^{3\,x}} \right) \)<br/> ",b
q12_sp22_problem13__02,"2) Find \(\displaystyle \frac{d}{dx}\left(x^4\tan(5x)\right)\).<br/>
a) \(\displaystyle 4x^3\sec^2(5x)\)<br/> 
b) \(\displaystyle 5x^4\sec^2(5x)+4x^3\tan(5x)\)<br/> 
c) \(\displaystyle x^4\sec^2(5x)+4x^3\tan(5x)\)<br/> 
d) \(\displaystyle 20x^3\sec^2(5x)\)<br/> 
e) None of the above.<br/> ",b
q10_sp22_problem09__02,"2) Given the function  \(f(x)={x}^{3}-4\,{x}^{2}+3\).  Find the points where the tangent line is horizontal.<br/>
a) \(\left(0,0\right)\left(\displaystyle \frac{8}{3},0\right)\)<br/> 
b) \(\left(0,3\right)\left(\displaystyle \frac{8}{3},\displaystyle -\frac{175}{27}\right)\)<br/> 
c) \(\left(\displaystyle \frac{1}{2},\displaystyle \frac{17}{8}\right)\left(\displaystyle -\frac{1}{2},\displaystyle \frac{15}{8}\right)\)<br/> 
d) \(\left(\displaystyle -\frac{3}{8},\displaystyle \frac{1221}{512}\right)\left(\displaystyle \frac{3}{8},\displaystyle \frac{1275}{512}\right)\)<br/> 
e) \(\left(\displaystyle -\frac{3}{8},\displaystyle \frac{1221}{512}\right)\)<br/> ",b
q9_sp22_problem02__02,"2) Find  \(\displaystyle  \lim_{x\rightarrow 0} \displaystyle \frac{\sin \left( 2\,x \right) }{3\,x}\) .<br/>
a) The limit does not exist.<br/> 
b) \(\displaystyle \frac{2}{3}\)<br/> 
c) \(\displaystyle \frac{3}{2}\)<br/> 
d) \(1\)<br/> 
e) \(0\)<br/> ",b
q25_sp23_problem10__04,"4) Differentiate the following:  \(f(x)=5\,{e}^{4\,x}\arcsin \left( x \right) \)<br/>
a) \(f'(x)=\displaystyle 5\text{e}^{4x}\arcsin(x)+\frac{5\text{e}^{4x}}{\sqrt{1-x^2}}\)<br/> 
b) \(f'(x)=\displaystyle 20\text{e}^{4x}\arcsin(x)+\frac{5\text{e}^{4x}}{\sqrt{1-x^2}}\)<br/> 
c) \(f'(x)=\displaystyle \frac{20\text{e}^{4x}}{\sqrt{1-x^2}}\)<br/> 
d) \(f'(x)=\displaystyle 20\text{e}^{4x}\arcsin(x)+\frac{5\text{e}^{4x}}{\sqrt{1+x^2}}\)<br/> 
e) \(f'(x)=\displaystyle \frac{20\text{e}^{4x}}{\sqrt{1+x^2}}\)<br/> ",b
q14_sp22_problem04__02,"2) Find the slope of the tangent line to the curve at the point \(\left(\displaystyle -\frac{1}{2},\displaystyle \frac{\pi}{3}\right)\) given that \(x-\cos \left( 2\,y \right) =0.\)<br/>
a) \(\displaystyle -\sqrt{3}\)<br/> 
b) \(\displaystyle -\frac{\sqrt{3}}{3}\)<br/> 
c) \(\displaystyle \frac{2\sqrt{3}}{3}\)<br/> 
d) \(\displaystyle \sqrt{3}\)<br/> 
e) \(\displaystyle \frac{\sqrt{3}}{3}\)<br/> ",b
q9_sp22_problem03__04,"4) Find  \(\displaystyle  \lim_{x\rightarrow 0} \displaystyle \frac{\sin \left( 6\,x \right) }{\sin \left( 3\,x \right) }\) .<br/>
a) \(\displaystyle \frac{1}{2}\)<br/> 
b) \(2\)<br/> 
c) \(0\)<br/> 
d) The limit does not exist.<br/> 
e) \(1\)<br/> ",b
q14_sp22_problem05__04,"4) Compute \(\displaystyle\frac{d^2y}{dx^2}\) at the point \(\left(1,3\right)\) given that \({x}^{2}-{y}^{2}=-8\).<br/>
a) \(\displaystyle -\frac{8}{27}\)<br/> 
b) \(\displaystyle \frac{8}{27}\)<br/> 
c) \(\displaystyle -\frac{16}{27}\)<br/> 
d) \(\displaystyle \frac{8}{9}\)<br/> 
e) \(\displaystyle \frac{16}{27}\)<br/> ",b
q10_sp22_problem08__04,"4) Consider the function  \(f(x)={x}^{3}+2\,{x}^{2}+2\).  Find the equation of the normal line at the point \(\left(1,5\right)\).<br/>
a) \(y=7\,x-2\)<br/> 
b) \(y=\displaystyle -\frac{x}{7}+\displaystyle \frac{36}{7}\)<br/> 
c) \(y=\displaystyle -\frac{x}{7}\displaystyle -\frac{34}{7}\)<br/> 
d) \(y=-7\,x+12\)<br/> 
e) \(y=\displaystyle \frac{x}{7}+\displaystyle \frac{34}{7}\)<br/> ",b
q23_sp23_problem06__09,"9) Differentiate \(\displaystyle f(x)=3e^{\left(2/x\right)}\).<br/>
a) \(\displaystyle f'(x)=6\cdot e^{\left(2/x\right)}\)<br/> 
b) \(\displaystyle f'(x)=\displaystyle \frac{6}{{x}^{2}}\cdot e^{\left(2/x\right)}\)<br/> 
c) \(\displaystyle f'(x)=\displaystyle \frac{6}{x}\cdot e^{\left(2/x\right)}\)<br/> 
d) \(\displaystyle f'(x)=\displaystyle -\frac{6}{{x}^{2}}\cdot e^{\left(2/x\right)}\)<br/> 
e) \(\displaystyle f'(x)=\displaystyle -\frac{6}{x}\cdot e^{\left(2/x\right)}\)<br/> ",d
q12_sp22_problem12__02,"2) Find \(\displaystyle \frac{d}{dx}\left(\cos^5(3x^2)\right)\).<br/>
a) \(\displaystyle -\sin^4(3x^2)\cdot(6x)\)<br/> 
b) \(\displaystyle -5\cos^4(3x^2)\cdot\sin(3x^2)\cdot(6x)\)<br/> 
c) \(\displaystyle -\sin^4(6x)\)<br/> 
d) \(\displaystyle -5\cos^4(3x^2)\cdot\sin(6x)\)<br/> 
e) None of the above.<br/> ",b
q6_sp22_problem04__02,"2) Evaluate the following limit, if it exists:  \(\displaystyle \lim _{x\rightarrow -7} \left| 2\,x-10 \right| \)<br/>
a) 4<br/> 
b) 24<br/> 
c) Does not exist<br/> 
d) 0<br/> 
e) − 7<br/> ",b
q12_sp22_problem04__01,"1) Find \(\displaystyle \frac{d}{dx}\left(f(g(x))\right)\).<br/>
a) \(\displaystyle f^\prime(g(x))\cdot g^\prime(x)\)<br/> 
b) \(\displaystyle f^\prime(g^\prime(x))\)<br/> 
c) \(\displaystyle f(g(x))\cdot g^\prime(x)\)<br/> 
d) \(\displaystyle f(g^\prime(x))\cdot f^\prime(x)\)<br/> 
e) None of the above.<br/> ",a
q23_sp23_problem10__04,"4) Differentiate \(\displaystyle f(x)=\left( \frac{14}{9}\right)^{x}\). Then use the rules of logarithms to rewrite logarithms so that they contain only prime numbers.<br/>
a) \(\displaystyle f'(x)=\left( \frac{14}{9}\right)^{x}\cdot \left[ \ln(2) \cdot \ln(7)-2\ln(3) \right]\)<br/> 
b) \(\displaystyle f'(x)=\left( \frac{14}{9}\right)^{x}\cdot \left[ \ln(2)+\ln(7)-2\ln(3) \right]\)<br/> 
c) \(\displaystyle f'(x)=\left( \frac{14}{9}\right)^{x}\cdot \left[ \frac {\ln(2) \cdot \ln(7)}{3\ln(2)} \right]\)<br/> 
d) \(\displaystyle f'(x)=\left( \frac{14}{9}\right)^{x}\cdot \left[ \frac {\ln(2) \cdot \ln(7)}{2\ln(3)} \right]\)<br/> 
e) \(\displaystyle f'(x)=\left( \frac{14}{9}\right)^{x}\cdot \left[ \ln(2)+\ln(7)-3\ln(2) \right]\)<br/> ",b
q2_sp22_problem09__04,"4) Given the function  \(\displaystyle f(x)={x}^{2}-14x+5\),  which of the following statements is true?<br/>
a) \(\displaystyle f \left( x \right) \) has a maximum value. The value is \(-24\).<br/> 
b) \(\displaystyle f \left( x \right) \) has a minimum value. The value is \(-44\).<br/> 
c) \(\displaystyle f \left( x \right) \) has a minimum value. The value is \(-2\).<br/> 
d) \(\displaystyle f \left( x \right) \) has a minimum value. The value is \(-54\).<br/> 
e) \(\displaystyle f \left( x \right) \) has a maximum value. The value is \(-44\).<br/> 
f) None of the above.<br/>",b
q17_su22_problem02__04,"4) An object moves along the <i>x</i>-axis and its position at time <i>t</i> is given by \(x(t) = 5\,{t}^{2}-6\,t-8\). When \(\displaystyle t=6\), is the object speeding up or slowing down?<br/>
a) The object is slowing down.<br/> 
b) The object is speeding up.<br/> ",b
q25_sp23_problem07__04,"4) Differentiate the following:  \(f(x)=\displaystyle \arcsin\left(\frac{{{\rm e}^{5\,x}}}{4}\right)\)<br/>
a) \(\displaystyle \frac{20{{\rm e}^{5\,x}}}{16+{{\rm e}^{10\,x}}}\)<br/> 
b) \(\displaystyle \frac{5{{\rm e}^{5\,x}}}{\sqrt{16-{{\rm e}^{10\,x}}}}\)<br/> 
c) \(\displaystyle f'(x)=\frac{20{{\rm e}^{5\,x}}}{\sqrt{16-{{\rm e}^{10\,x}}}}\)<br/> 
d) \(\displaystyle f'(x)=\frac{5{{\rm e}^{5\,x}}}{16+{{\rm e}^{10\,x}}}\)<br/> 
e) \(\displaystyle \frac{5{{\rm e}^{5\,x}}}{\sqrt{16+{{\rm e}^{10\,x}}}}\)<br/> ",b
q22_sp23_problem06__02,"2) Find the inverse of the given function, if possible:  \( f(x) = \displaystyle \frac{5\,x-4}{6\,x-7}\)<br/>
a) \(f^{-1}(x)=\displaystyle -\frac{7\,x+4}{6\,x+5}\)<br/> 
b) \(f^{-1}(x)=\displaystyle \frac{6\,x-7}{5\,x-4}\)<br/> 
c) \( f(x) \) does not have an inverse.<br/> 
d) \(f^{-1}(x)=\displaystyle \frac{7\,x-4}{6\,x-5}\)<br/> 
e) \(f^{-1}(x)=\displaystyle \frac{5\,x+4}{6\,x+7}\)<br/> 
f) \(f^{-1}(x)=\displaystyle -\frac{6\,x+5}{7\,x-4}\)<br/> 
g) None of the above.<br/>",d
q11_sp22_problem08__21,"21) Find the derivative of the function \(G(x) =  \left( 4\,{x}^{5}+6\,{x}^{2} \right) ^{3}\).<br/>
a) \(G'(x)= \left( 4\,{x}^{5}+6\,{x}^{2} \right) ^{2} \left( 20\,{x}^{4}+12\,x \right) \)<br/> 
b) \(G'(x)=3\, \left( 20\,{x}^{4}+12\,x \right) ^{2}\)<br/> 
c) \(G'(x)=3\, \left( 4\,{x}^{5}+6\,{x}^{2} \right) ^{2}\)<br/> 
d) \(G'(x)=3\, \left( 4\,{x}^{5}+6\,{x}^{2} \right) ^{2} \left( 20\,{x}^{4}+12\,x \right) \)<br/> 
e) \(G'(x)\) does not exist.<br/> ",d
q5_sp22_problem08__08,"8) Evaluate the limit:  \(\displaystyle \lim_{x\rightarrow0}\left(\frac{{x}^{3}+5\,{x}^{2}}{6\,x}\right)\).<br/>
a) Does not exist<br/> 
b) \(-1\)<br/> 
c) \(0\)<br/> 
d) \(5\)<br/> 
e) \(\displaystyle \frac{5}{6}\)<br/> ",c
q8_sp22_problem03__04,"4) Find the interval(s) of continuity for the following function:  \(f(x)=5x \cdot \sqrt{3x-2}\)<br/>
a) \(\left( -\infty, \infty \right) \)<br/> 
b) \(\left( -\infty, \displaystyle \frac{2}{3} \right) \)<br/> 
c) \(\left( -\infty,\displaystyle \frac{2}{3}\right] \)<br/> 
d) \(\left[\displaystyle \frac{2}{3}, \infty \right) \)<br/> 
e) \(\left(\displaystyle \frac{2}{3}, \infty \right) \)<br/> 
f) None of the above.<br/>",d
q1_sp22_problem05__08,"8) Find the range of the following function:  \(\displaystyle f(x)=3\,{x}^{2}+4\)<br/>
a) \(\left( -\infty,4\right] \)<br/> 
b) \(\left( -\infty, \infty \right) \)<br/> 
c) \(\left[4, \infty \right) \)<br/> 
d) \(\left( -\infty,4\right) \)<br/> 
e) \(\left(4, \infty \right) \)<br/> 
f) None of the above.<br/>",c
q15_sp22_problem05__01,"1) The area of a sector in a circle is given by the formula  \(A=\displaystyle\frac{1}{2}r^2\theta\), where  \(r\)  is the radius and \(\theta\) is the central angle measured in radians.  Find the rate of change of \(\displaystyle A\) with respect to \( \theta \) if \(\displaystyle r\) remains constant.  What is the rate when \(r=6\)?<br/>
a) Not possible.<br/> 
b) \(\displaystyle\frac{dA}{d\theta}=r^2 \);  \( \text{rate}=36\)<br/> 
c) \(\displaystyle\frac{dA}{d\theta}=\frac{1}{2}r^2 \);  \( \text{rate}=18\)<br/> 
d) \(\displaystyle\frac{dA}{d\theta}=\frac{1}{2}r \);  \( \text{rate}=3\)<br/> 
e) \(\displaystyle\frac{dA}{d\theta}=\frac{1}{3}r^3 \);  \( \text{rate}=72\)<br/> ",c
q24_sp23_problem11__02,"2) Calculate the derivative by logarithmic differentiation: \(g(x)=\displaystyle {\frac {{x}^{5} \left( x-1 \right) ^{2}}{ \left( x+2 \right) ^{2} \left( {x}^{2}+1 \right) ^{4}}}\).<br/>
a) \(\displaystyle g^{\prime}(x) = {\frac {{x}^{5} \left( x-1 \right) ^{2}}{ \left( x+2 \right) ^{2} \left( {x}^{2}+1 \right) ^{4}}}\left(\displaystyle \frac{5}{{x}^{2}}-\displaystyle \frac{2}{ \left( x-1 \right) ^{2}}-\displaystyle \frac{2}{x+2}-\displaystyle \frac{8\,x}{{x}^{2}+1}\right)\)<br/> 
b) \(\displaystyle g^{\prime}(x) = {\frac {{x}^{5} \left( x-1 \right) ^{2}}{ \left( x+2 \right) ^{2} \left( {x}^{2}+1 \right) ^{4}}}\left(\displaystyle \frac{5}{x}+\displaystyle \frac{2}{x-1}-\displaystyle \frac{2}{x+2}-\displaystyle \frac{8\,x}{{x}^{2}+1}\right)\)<br/> 
c) \(\displaystyle g^{\prime}(x) = {\frac {{x}^{5} \left( x-1 \right) ^{2}}{ \left( x+2 \right) ^{2} \left( {x}^{2}+1 \right) ^{4}}}\left(\displaystyle \frac{5}{x}-\displaystyle \frac{2}{x-1}+\displaystyle \frac{2}{x+2}+\displaystyle \frac{8\,x}{{x}^{2}+1}\right)\)<br/> 
d) \(\displaystyle g^{\prime}(x) = {\frac {{x}^{5} \left( x-1 \right) ^{2}}{ \left( x+2 \right) ^{2} \left( {x}^{2}+1 \right) ^{4}}}\left(\displaystyle \frac{1}{x}+\displaystyle \frac{1}{x-1}-\displaystyle \frac{1}{x+2}-\displaystyle \frac{4}{{x}^{2}+1}\right)\)<br/> 
e) \(\displaystyle g^{\prime}(x) = {\frac {{x}^{5} \left( x-1 \right) ^{2}}{ \left( x+2 \right) ^{2} \left( {x}^{2}+1 \right) ^{4}}}\left(\displaystyle \frac{5}{x}+\displaystyle \frac{2}{x-1}-\displaystyle \frac{2}{x+2}-\displaystyle \frac{4}{{x}^{2}+1}\right)\)<br/> ",b
q34_sp23_problem01__09,"9) Evaluate:  \(\displaystyle \int\sqrt {5\,x+7}\,dx\)<br/>
a) \(\displaystyle \frac{2}{15}\left(5x+7\right)^{3/2}+C\)<br/> 
b) \(\displaystyle \frac{2}{5}\left(5x+7\right)^{1/2}+C\)<br/> 
c) \(\displaystyle \frac{10}{3}\left(5x+7\right)^{3/2}+C\)<br/> 
d) \(\displaystyle -\frac{1}{10}\left(5x+7\right)^{-1/2}+C\)<br/> 
e) \(\displaystyle \frac{2}{3}\left(5x+7\right)^{3/2}+C\)<br/> ",a
q8_sp22_problem15__04,"4) Suppose that  \( f(x)=5x\)  is defined on the interval \(\left(3,9\right)\).  Does the function have a maximum value?  If so, what is that value?<br/>
a) Yes; the maximum value of the function is 9.<br/> 
b) Yes; the maximum value of the function is 15.<br/> 
c) Yes; the maximum value of the function is 45.<br/> 
d) No; the function does not have a maximum value.<br/> 
e) Yes; the maximum value of the function is 3.<br/> 
f) None of the above.<br/>",d
q24_sp23_problem07__02,"2) Use the change of base formula to rewrite \(\displaystyle \log_{7}{(27)}\) in terms of natural logarithms. Then write the answer so that all logarithms contain only prime numbers.<br/>
a) \(\displaystyle \frac{27}{\ln  \left( 7 \right) }\)<br/> 
b) \(\displaystyle \frac{3\,\ln  \left( 3 \right) }{\ln  \left( 7 \right) }\)<br/> 
c) \(\displaystyle \frac{7}{3\,\ln  \left( 3 \right) }\)<br/> 
d) \(\displaystyle 27\,\ln  \left( 7 \right) \)<br/> 
e) \(\displaystyle \frac{\ln  \left( 7 \right) }{3\,\ln  \left( 3 \right) }\)<br/> ",b
q16_su22_problem02__04,"4) An object moves along a coordinate line, its position at each time \(t\ge 0\)  is given by \(x(t) = -5\,{t}^{3}+4\,{t}^{2}+7\,t-6\). Find the position at time \(t = 3\).<br/>
a) \(-104\)<br/> 
b) \(0\)<br/> 
c) \(-900\)<br/> 
d) \(144\)<br/> 
e) \(-84\)<br/> 
f) \(104\)<br/> ",e
q3_sp22_problem09__04,"4) The graph of the function  \(\displaystyle f(x)=\frac{{x}^{2}+3x+2}{5{x}^{2}+5x-3}\)  has a horizontal asymptote. If the graph crosses this asymptote, give the <i>x</i>-coordinate of the intersection. Otherwise, state that the graph does not cross the asymptote.<br/>
a) The graph does not cross the asymptote.<br/> 
b) \(\displaystyle x=\displaystyle -\frac{13}{10}\)<br/> 
c) \(\displaystyle x=\displaystyle -\frac{6}{5}\)<br/> 
d) \(\displaystyle x=\displaystyle -\frac{11}{10}\)<br/> 
e) \(\displaystyle x=\displaystyle -\frac{7}{5}\)<br/> 
f) None of the above.<br/>",b
q22_sp23_problem10__11,"11) Suppose that  \(f(x)=-4\,{x}^{3}-1\,\) is differentiable and has an inverse.  Find \(\left(f^{-1}\right)^{\prime}(-5)\).<br/>
a) \(-300\)<br/> 
b) \(1\)<br/> 
c) \(-12\)<br/> 
d) \(\displaystyle -\frac{1}{12}\)<br/> 
e) \(5\)<br/> 
f) \(\displaystyle \frac{1}{12}\)<br/> ",d
q13_sp22_problem04__02,"2) Calculate the derivative of the given function \(f(x) = 8\sin^3(\sqrt{x})\).<br/>
a) \(\displaystyle f^{\prime}(x)= \frac{48\sin^2(\sqrt{x})\cos(\sqrt{x})}{\sqrt{x}}\)<br> 
b) \(\displaystyle f^{\prime}(x)= \frac{12\sin^2(\sqrt{x})\cos(\sqrt{x})}{\sqrt{x}}\)<br/> 
c) \(\displaystyle f^{\prime}(x)= 24\sin^2(\sqrt{x})\cos(\sqrt{x})\)<br/> 
d) \(\displaystyle f^{\prime}(x)= 24\cos(\sqrt{x})\)<br/> 
e) \(\displaystyle f^{\prime}(x)= \frac{12\cos(\sqrt{x})}{\sqrt{x}}\)<br/> ",b
q27_sp23_problem07__02,"2) Find the coordinates of the point(s) on the curve  \(y=\sqrt{x+4}\)  that are closest to the point (5, 0).<br/>
a) \(\left(0,2\right)\text{ and }\left(\displaystyle \frac{9}{4},\displaystyle \frac{5}{2}\right)\)<br/> 
b) \(\left(9,\displaystyle \sqrt{13}\right)\)<br/> 
c) \(\left(\displaystyle \frac{11}{2},\displaystyle \frac{\sqrt{38}}{2}\right)\)<br/> 
d) \(\left(1,\displaystyle \sqrt{5}\right)\)<br/> 
e) \(\left(\displaystyle \frac{9}{2},\displaystyle \frac{\sqrt{34}}{2}\right)\)<br/> ",e
q10_sp22_problem04__04,"4) If \(f (3) = 4\) and \(f'(3) = -5\), find the equation of the tangent line to \(f\) at \(x = 3\).<br/>
a) \(\displaystyle y=4\,x-5\)<br/> 
b) \(\displaystyle y=-5\,x+19\)<br/> 
c) \(\displaystyle y=-5\,x-11\)<br/> 
d) \(\displaystyle y=-5\,x+4\)<br/> 
e) \(\displaystyle y=4\,x-17\)<br/> ",b
q6_sp22_problem08__04,"4) Evaluate the following limit, if it exists:  \(\;\displaystyle\lim_{x\rightarrow \infty}\displaystyle \frac{2\,{x}^{3}+25\,{x}^{2}+52\,x+20}{11x^3+8x^2-7x+4}\)<br/>
a) \(11\)<br/> 
b) \(\displaystyle \frac{2}{11}\)<br/> 
c) \(\displaystyle -\frac{1}{11}\)<br/> 
d) \(\displaystyle \frac{1}{11}\)<br/> 
e) \(2\)<br/> 
f) \(0\)<br/> 
g) Does not exist<br/> ",b
q12_sp22_problem08__02,"2) Find \(\displaystyle \frac{d}{dx}\left(-9\sqrt{x}\right)\).<br/>
a) \(\displaystyle \frac{9}{\sqrt{x}}\)<br/> 
b) \(\displaystyle \frac{-9}{2\sqrt{x}}\)<br/> 
c) \(\displaystyle \frac{-9}{\sqrt{x}}\)<br/> 
d) \(\displaystyle \frac{9}{2\sqrt{x}}\)<br/> 
e) None of the above.<br/> ",b
q21_fa22_problem05__06,"6) Describe the concavity of the graph of  \(f(x)=2\,x+2\,\cos \left( 2\,x \right) \)   on the interval \(\displaystyle \left[0, \displaystyle \pi\right]\).<br/>
a) concave down on \(\left(0, \displaystyle \pi\right)\).<br/> 
b) concave up on \(\left( \displaystyle \frac{\pi}{4}, \displaystyle \frac{3\pi}{4}  \right)\); concave down on \(\left(0, \displaystyle \frac{\pi}{4} \right)\) and on \(\left( \displaystyle \frac{3\pi}{4}, \displaystyle \pi\right)\).<br/> 
c) concave up on \(\left(0, \displaystyle \pi\right)\).<br/> 
d) concave down on \(\left(0, \displaystyle \frac{\pi}{4} \right)\); concave up on \(\left( \displaystyle \frac{\pi}{4}, \displaystyle \pi\right)\).<br/> 
e) concave up on \(\left(0, \displaystyle \frac{\pi}{4}  \right)\); concave down on \(\left( \displaystyle \frac{\pi}{4}, \displaystyle \pi\right)\).<br/> 
f) concave up on \(\left(0, \displaystyle \frac{\pi}{4} \right)\) and on \(\left( \displaystyle \frac{3\pi}{4}, \displaystyle \pi\right)\); concave down on \(\left( \displaystyle \frac{\pi}{4}, \displaystyle \frac{3\pi}{4}  \right)\).<br/> ",b
q2_sp22_problem05__02,"2) Write the function \(\displaystyle f \left( x \right) \) whose graph is a line with <i>x</i>-intercept \(10\) and <i>y</i>-intercept \(5\).<br/>
a) \(\displaystyle f(x)=-2x+5\)<br/> 
b) \(\displaystyle f(x)=\displaystyle -\frac{1}{2}x+5\)<br/> 
c) \(\displaystyle f(x)=10x+5\)<br/> 
d) \(\displaystyle f(x)=-10x+5\)<br/> 
e) \(\displaystyle f(x)=\displaystyle \frac{1}{2}x-5\)<br/> 
f) None of the above.<br/>",b
q11_sp22_problem04__21,"21) Find the derivative of the function \(f(x) = 5\,{x}^{2}\cos \left( x \right) +4\,x\).<br/>
a) \(f'(x)=-10\,x\cos \left( x \right) +5\,{x}^{2}\sin \left( x \right) +4\)<br/> 
b) \(f'(x)=10\,x\cos \left( x \right) -5\,{x}^{2}\sin \left( x \right) \)<br/> 
c) \(f'(x)=-10\,x\sin \left( x \right) +4\)<br/> 
d) \(f'(x)=10\,x\cos \left( x \right) -5\,{x}^{2}\sin \left( x \right) +4\)<br/> 
e) \(f'(x)\) does not exist.<br/> ",d
q5_sp22_problem04__01,"1) Evaluate the limit:  \(\displaystyle \lim_{x\rightarrow-3}\left(\displaystyle \frac{x-7}{{x}^{2}-4\,x-21}\right)\).<br/>
a) \(\displaystyle -\frac{1}{10}\)<br/> 
b) \(-10\)<br/> 
c) Does not exist<br/> 
d) \(0\)<br/> 
e) \(\displaystyle \frac{1}{10}\)<br/> ",c
q26_sp23_problem07__08,"8) Differentiate the given function \(\,f(x)=\displaystyle \ln  \left( \cosh \left( 5\,x \right)  \right) \).<br/>
a) \(f'(x)=5\,\text{csch}(5x )\)<br/> 
b) \(\displaystyle f'(x)=-5\,\tanh \left( 5\,x \right) \)<br/> 
c) \(\displaystyle f'(x)=5\,\tanh \left( 5\,x \right) \)<br/> 
d) \(\displaystyle f'(x)=\tanh \left( 5\,x \right) \)<br/> 
e) \(f'(x)=5\,\text{sech}(5x )\)<br/> ",c
q1_sp22_problem09__02,"2) Find the inverse of the given function, if possible:  \( f(x) = {x}^{2}+3\), where \( x \geq 0 \).<br/>
a) \(f^{-1}(x)=\sqrt {x}-3\)<br/> 
b) \(f^{-1}(x)= \sqrt{x-3}\)<br/> 
c) \(f^{-1}(x)=-\sqrt {x}+3\)<br/> 
d) \(f^{-1}(x)=\sqrt {x+3}\)<br/> 
e) \( f(x) \) does not have an inverse.<br/> 
f) None of the above.<br/>",b
q15_sp22_problem09__04,"4) A spherical snowball is melting in such a manner that its radius is changing at a constant rate, decreasing from 33 cm to 15 cm in 30 minutes.  At what rate, in cubic centimeters per minute, is the volume of the snowball changing at the instant the radius is 5 cm?<br/>
a) \(\displaystyle -50\pi\) <br/> 
b) \(\displaystyle -60\pi\) <br/> 
c) \(\displaystyle -120\pi\) <br/> 
d) \(\displaystyle 30\pi\) <br/> 
e) \(\displaystyle 450\pi\) <br/> ",b
q26_sp23_problem11__04,"4) Differentiate the following:  \(f(x)=\displaystyle \arctan \left( \cosh \left( 2\,x \right)  \right) \)<br/>
a) \(\displaystyle f'(x)=\frac{\sinh \left( 2\,x \right) }{ \left( \cosh \left( 2\,x \right)  \right) ^{2}+1}\)<br/> 
b) \(\displaystyle f'(x)=\frac{2\,\sinh \left( 2\,x \right) }{ \left( \cosh \left( 2\,x \right)  \right) ^{2}+1}\)<br/> 
c) \(\displaystyle f'(x)=\frac{2}{\sinh \left( 2\,x \right) }\)<br/> 
d) \(\displaystyle f'(x)=\frac{-\cosh \left( 2\,x \right) }{ \left( \sinh \left( 2\,x \right)  \right) ^{2}-1}\)<br/> 
e) \(\displaystyle f'(x)=\frac{-2\,\sinh \left( 2\,x \right) }{ \left( \cosh \left( 2\,x \right)  \right) ^{2}+1}\)<br/> ",b
q3_sp22_problem05__02,"2) Give the horizontal asymptote(s) for the graph of  \(\displaystyle f(x)=\frac{-4{x}^{6}-2{x}^{2}-8}{5{x}^{6}+7{x}^{4}-x}\).<br/>
a) \(\displaystyle y=\displaystyle -\frac{4}{5}\)<br/> 
b) \(\displaystyle y=0\)<br/> 
c) \(\displaystyle y=\displaystyle \frac{1}{5}\)<br/> 
d) There are no horizontal asymptotes.<br/> 
e) \(\displaystyle y=-8\)<br/> 
f) None of the above.<br/>",a
q20_fa22_problem05__04,"4) Find the critical points for \(\displaystyle f(x)=2x+\frac{18}{x}\) and classify all local extreme values.<br/>
a) <b>Critical Points</b>: \(\displaystyle x=0\), \(\displaystyle x=-3\), and \(\displaystyle x=3\);   <b>Local Minimum:</b> \(\displaystyle f \left( 0 \right) \);   <b>Local Maxima:</b> \(\displaystyle f \left( -3 \right) \) and \(\displaystyle f \left( 3 \right) \)<br/> 
b) <b>Critical Point</b>: \(\displaystyle x=0\) and \(\displaystyle x=3\);   <b>Local Minimum:</b> \(\displaystyle f \left( 3 \right) \)<br/> 
c) <b>Critical Points</b>: \(\displaystyle x=0\), \(\displaystyle x=-3\), and \(\displaystyle x=3\);   <b>Local Minimum:</b> \(\displaystyle f \left( -3 \right) \);   <b>Local Maximum:</b> \(\displaystyle f \left( 3 \right) \)<br/> 
d) <b>Critical Points</b>: \(\displaystyle x=3\);   <b>Local Minimum:</b> \(\displaystyle f \left( 3 \right) \)<br/> 
e) <b>Critical Points</b>: \(\displaystyle x=-3\) and \(\displaystyle x=3\);   <b>Local Minimum:</b> \(\displaystyle f \left( -3 \right) \);   <b>Local Maximum:</b> \(\displaystyle f \left( 3 \right) \)<br/> 
f) <b>Critical Points</b>: \(\displaystyle x=-3\) and \(\displaystyle x=3\);   <b>Local Maximum:</b> \(\displaystyle f \left( -3 \right) \);   <b>Local Minimum:</b> \(\displaystyle f \left( 3 \right) \)<br/> ",f
q13_sp22_problem08__04,"4) Find \(\displaystyle\frac{dy}{dx}\) given that \(y=\sqrt {7\,{x}^{5}+8}.\)<br/>
a) \(\displaystyle\frac{dy}{dx}=\frac{35x^4}{\sqrt{7\,{x}^{5}+8}}\)<br/> 
b) \(\displaystyle\frac{dy}{dx}=\frac{35x^4}{2\sqrt{7\,{x}^{5}+8}}\)<br/> 
c) \(\displaystyle\frac{dy}{dx}=\frac{-35x^4}{\sqrt{7\,{x}^{5}+8}}\)<br/> 
d) \(\displaystyle\frac{dy}{dx}=\displaystyle \frac{35}{2}x^4\sqrt{7\,{x}^{5}+8}\)<br/> 
e) \(\displaystyle\frac{dy}{dx}=35x^4\sqrt{7\,{x}^{5}+8}\)<br/> ",b
